PCT,First Name,Last Name,Attendance,Votes Available Legend,"Remote Town
Meeting Vote","Article 1:
Reports","Consent
Agenda:
Articles 2-6","Article 7: A)
Appropriation
of Capital
Expeditures","Article 7: B)
Appropriation
of Capital
Expenditures","Article 8:
OPEB
Stabilization
Fund","Motion to
Terminate
Debate:
Discussion
on Article 9
Crockett
Amendment","Article 9
Crockett
Amendment:
FY21 Budget
Appropriation","Motion to
Terminate
Debate:
Discussion on
Article 9 Main
Motion","Aricle 9: FY21
Budget
Appropriation
Main Motion","Aricle 10: FY21
Community
Preservation
Committee
Budget and
Projects","Motion to
Terminate
Debate:
Discussion
on Article 11","Article 11:
Community
Preservation
Committee
Amend 2018
Appropriation
for Belmont
Housing","Article 12: Home
Rule Petition for
Special Act of the
Massachusetts
Legislature -
Remote
Participation of
Town Meeting"
5,Elaine,Alligood,-,,-,-,Yes / In Favor,Yes / In Favor,Yes / In Favor,Yes / In Favor,Yes / In Favor,No / Opposed,Yes / In Favor,Yes / In Favor,Yes / In Favor,Yes / In Favor,Yes / In Favor,Yes / In Favor
3,Lot,Bates,-,,-,-,-,-,-,-,-,-,-,-,-,-,-,-
7,Seth,Belcher,-,,-,-,-,-,-,-,-,-,-,-,-,-,-,-
5,Stephen,Carlini,-,,-,-,-,-,-,-,-,-,-,-,-,-,-,-
2,Joseph,DeStefano,-,,-,-,-,-,-,-,-,-,-,-,Yes / In Favor,Yes / In Favor,Abstain,Yes / In Favor
AL,Stephen,Fiore,-,,-,-,-,-,-,-,-,-,-,-,Yes / In Favor,Yes / In Favor,Yes / In Favor,-
4,Linda,Ghilardi,-,,-,-,-,-,-,-,-,-,-,-,-,-,-,-
8,Anne,Goldenberg,-,,-,-,-,-,-,-,-,-,-,-,-,-,-,-
3,Daniel John,Healey,-,,-,-,Yes / In Favor,-,-,-,-,-,-,-,-,-,-,-
5,Christopher,Howe,-,,-,-,-,-,-,-,-,-,-,-,-,-,-,-
7,Abigail,Jacobs,-,,-,-,-,-,-,-,-,-,-,-,-,-,-,-
4,Brian,Keefe,Here,,-,Yes / In Favor,Yes / In Favor,Yes / In Favor,-,Yes / In Favor,Yes / In Favor,Yes / In Favor,-,-,-,-,-,-
2,Kathleen,Keohane,Here,,-,Yes / In Favor,Yes / In Favor,Yes / In Favor,Yes / In Favor,Yes / In Favor,Yes / In Favor,No / Opposed,Yes / In Favor,Yes / In Favor,Yes / In Favor,Yes / In Favor,No / Opposed,Yes / In Favor
8,Stephen,Kerins,-,,-,Yes / In Favor,Yes / In Favor,Yes / In Favor,Yes / In Favor,Yes / In Favor,Yes / In Favor,No / Opposed,Yes / In Favor,No / Opposed,Yes / In Favor,No / Opposed,No / Opposed,Yes / In Favor
2,Thomas,Lowery,-,,-,-,-,-,-,-,-,-,-,-,-,-,-,-
4,Anne,Mahon,-,,-,-,-,-,-,-,-,-,-,-,-,-,-,-
4,Shonool,Malik,-,,-,-,-,-,-,-,-,-,-,-,-,-,-,-
3,Raffi,Manjikian,"Here, with gusto!",,-,Yes / In Favor,Yes / In Favor,Yes / In Favor,Yes / In Favor,Yes / In Favor,Yes / In Favor,No / Opposed,Yes / In Favor,Yes / In Favor,Yes / In Favor,Yes / In Favor,Yes / In Favor,Yes / In Favor
2,J.A.,McSwain,-,,-,Yes / In Favor,Yes / In Favor,Yes / In Favor,Yes / In Favor,Yes / In Favor,Yes / In Favor,Yes / In Favor,Yes / In Favor,Yes / In Favor,Yes / In Favor,Yes / In Favor,Yes / In Favor,Yes / In Favor
3,diane,miller,-,,-,-,-,-,-,-,-,-,-,-,-,-,-,-
5,Jaime,Murphy,-,,-,Yes / In Favor,Yes / In Favor,Yes / In Favor,Yes / In Favor,Yes / In Favor,Yes / In Favor,No / Opposed,Yes / In Favor,Yes / In Favor,Yes / In Favor,Yes / In Favor,Yes / In Favor,-
2,Devan,O'Toole,-,,-,-,-,-,-,-,-,-,-,-,-,-,-,-
4,John,Occhino,-,,-,-,Yes / In Favor,Yes / In Favor,Yes / In Favor,Yes / In Favor,Yes / In Favor,No / Opposed,Yes / In Favor,Yes / In Favor,Yes / In Favor,Yes / In Favor,Yes / In Favor,Yes / In Favor
5,Sandra,Occhino,-,,-,-,Yes / In Favor,Yes / In Favor,Yes / In Favor,Yes / In Favor,Yes / In Favor,No / Opposed,Yes / In Favor,Abstain,Yes / In Favor,-,-,Yes / In Favor
5,Tommasina,Olson,-,,-,-,Yes / In Favor,Yes / In Favor,Yes / In Favor,-,Yes / In Favor,-,Yes / In Favor,Yes / In Favor,Yes / In Favor,Yes / In Favor,Yes / In Favor,Yes / In Favor
2,Karnig,Ostayan,-,,-,-,-,-,-,-,-,-,-,-,Yes / In Favor,Yes / In Favor,Yes / In Favor,Yes / In Favor
4,Lisa,Pargoli,-,,-,-,Yes / In Favor,Yes / In Favor,Yes / In Favor,Yes / In Favor,Yes / In Favor,No / Opposed,No / Opposed,No / Opposed,Yes / In Favor,Yes / In Favor,Yes / In Favor,Yes / In Favor
1,Adriana,Poole,-,,-,Yes / In Favor,Yes / In Favor,Yes / In Favor,Yes / In Favor,Yes / In Favor,Yes / In Favor,Yes / In Favor,Yes / In Favor,Yes / In Favor,Yes / In Favor,Yes / In Favor,Yes / In Favor,Yes / In Favor
AL,Andrea,Prestwich,-,,-,-,-,-,-,-,-,-,-,-,-,-,-,-
6,Robert P,Reardon,-,,-,-,-,No / Opposed,No / Opposed,Yes / In Favor,Yes / In Favor,No / Opposed,Yes / In Favor,Yes / In Favor,Yes / In Favor,No / Opposed,Yes / In Favor,Yes / In Favor
5,Andres,Rojas,-,,-,-,-,-,-,-,-,-,-,-,-,-,-,-
5,Michael,Russo,-,,-,-,-,-,-,-,-,-,-,-,-,-,-,-
6,Joel,Semuels,-,,-,-,Yes / In Favor,Yes / In Favor,Yes / In Favor,Yes / In Favor,Yes / In Favor,-,Yes / In Favor,Yes / In Favor,Yes / In Favor,Yes / In Favor,Yes / In Favor,Yes / In Favor
6,Jamie,Shea,-,,-,-,-,-,-,-,-,-,-,-,Yes / In Favor,Yes / In Favor,Yes / In Favor,Yes / In Favor
3,mary,stearns,Here,,-,Yes / In Favor,Yes / In Favor,Yes / In Favor,Yes / In Favor,Yes / In Favor,Yes / In Favor,No / Opposed,Yes / In Favor,Yes / In Favor,-,Yes / In Favor,No / Opposed,Yes / In Favor
7,Dan,Strain,-,,-,-,-,-,-,-,-,-,-,-,-,-,-,-
4,Joseph,White,-,,-,-,-,-,-,-,-,-,-,-,-,-,-,-
3,Carole,Williams,-,,-,-,Yes / In Favor,Yes / In Favor,Yes / In Favor,Yes / In Favor,Yes / In Favor,Yes / In Favor,-,-,-,-,-,-
3,Sue,Bass,Here,,No / Opposed,Yes / In Favor,Yes / In Favor,Yes / In Favor,Yes / In Favor,Yes / In Favor,Yes / In Favor,Yes / In Favor,Yes / In Favor,Yes / In Favor,Yes / In Favor,Yes / In Favor,Yes / In Favor,Yes / In Favor
3,Bradley,Abruzzi,"Here, with gusto!",,Yes / In Favor,Yes / In Favor,Yes / In Favor,Yes / In Favor,Yes / In Favor,Yes / In Favor,No / Opposed,Yes / In Favor,Yes / In Favor,Yes / In Favor,Yes / In Favor,Yes / In Favor,Yes / In Favor,Yes / In Favor
2,Leslie,Aitken,Here,,Yes / In Favor,Yes / In Favor,Yes / In Favor,Yes / In Favor,Yes / In Favor,Yes / In Favor,Yes / In Favor,No / Opposed,Yes / In Favor,Yes / In Favor,Yes / In Favor,-,Yes / In Favor,Yes / In Favor
1,John,Alcock,Here,,Yes / In Favor,Yes / In Favor,Yes / In Favor,Yes / In Favor,Yes / In Favor,Yes / In Favor,Yes / In Favor,No / Opposed,Yes / In Favor,Yes / In Favor,-,-,-,-
3,Liz,Allison,Here,,Yes / In Favor,Yes / In Favor,Yes / In Favor,Yes / In Favor,Yes / In Favor,Yes / In Favor,Yes / In Favor,No / Opposed,Yes / In Favor,Yes / In Favor,Yes / In Favor,Yes / In Favor,Yes / In Favor,Yes / In Favor
6,David,Alper,Here,,Yes / In Favor,Yes / In Favor,Yes / In Favor,Yes / In Favor,Yes / In Favor,Yes / In Favor,-,-,Yes / In Favor,Yes / In Favor,Yes / In Favor,Yes / In Favor,Yes / In Favor,Yes / In Favor
5,Arto,Asadoorian,Here,,Yes / In Favor,Yes / In Favor,Yes / In Favor,Yes / In Favor,Yes / In Favor,Yes / In Favor,Yes / In Favor,No / Opposed,Yes / In Favor,Yes / In Favor,Yes / In Favor,Yes / In Favor,Yes / In Favor,Yes / In Favor
1,Jennifer,Ausrotas,Here,,Yes / In Favor,Yes / In Favor,Yes / In Favor,Yes / In Favor,Yes / In Favor,Yes / In Favor,Yes / In Favor,Yes / In Favor,Yes / In Favor,Yes / In Favor,-,Yes / In Favor,Abstain,Yes / In Favor
4,Rola,Baghdady,Here,,Yes / In Favor,Yes / In Favor,Yes / In Favor,Yes / In Favor,Yes / In Favor,Yes / In Favor,Yes / In Favor,No / Opposed,Yes / In Favor,Yes / In Favor,Yes / In Favor,Yes / In Favor,Yes / In Favor,Yes / In Favor
4,Sami,Baghdady,Here,,Yes / In Favor,Yes / In Favor,Yes / In Favor,Yes / In Favor,Yes / In Favor,Yes / In Favor,Yes / In Favor,No / Opposed,Yes / In Favor,Yes / In Favor,Yes / In Favor,Yes / In Favor,Yes / In Favor,Yes / In Favor
7,Bethan,Bailey,"Here, with gusto!",,Yes / In Favor,Yes / In Favor,Yes / In Favor,Yes / In Favor,Yes / In Favor,Yes / In Favor,Yes / In Favor,Yes / In Favor,-,-,Yes / In Favor,Yes / In Favor,Yes / In Favor,Yes / In Favor
4,Helen,Bakeman,Here,,Yes / In Favor,Yes / In Favor,Yes / In Favor,Yes / In Favor,Yes / In Favor,Yes / In Favor,Yes / In Favor,No / Opposed,Yes / In Favor,Yes / In Favor,Yes / In Favor,No / Opposed,Yes / In Favor,Yes / In Favor
1,Heather,Barr,"Here, with gusto!",,Yes / In Favor,Yes / In Favor,Yes / In Favor,Yes / In Favor,Yes / In Favor,Yes / In Favor,Yes / In Favor,Yes / In Favor,Yes / In Favor,Yes / In Favor,Yes / In Favor,Yes / In Favor,Yes / In Favor,Yes / In Favor
1,DANIEL,BARRY,"Here, with gusto!",,Yes / In Favor,Yes / In Favor,Yes / In Favor,Yes / In Favor,Yes / In Favor,Yes / In Favor,No / Opposed,Yes / In Favor,Yes / In Favor,Yes / In Favor,Yes / In Favor,Yes / In Favor,Yes / In Favor,Yes / In Favor
8,Kathleen,Baskin,"Here, with gusto!",,Yes / In Favor,Yes / In Favor,Yes / In Favor,Yes / In Favor,Yes / In Favor,Yes / In Favor,Yes / In Favor,No / Opposed,Yes / In Favor,Yes / In Favor,-,-,-,-
5,Claus,Becker,"Here, with gusto!",,Yes / In Favor,Yes / In Favor,Yes / In Favor,Yes / In Favor,Yes / In Favor,Yes / In Favor,Yes / In Favor,Yes / In Favor,-,-,Yes / In Favor,-,-,-
3,Adam,Belkadi,Barely here...,,Yes / In Favor,Yes / In Favor,Yes / In Favor,Yes / In Favor,Yes / In Favor,Yes / In Favor,Yes / In Favor,No / Opposed,Yes / In Favor,Yes / In Favor,Yes / In Favor,Yes / In Favor,Yes / In Favor,Yes / In Favor
5,Kristen,Bell,Here,,Yes / In Favor,Yes / In Favor,Yes / In Favor,Yes / In Favor,Yes / In Favor,Yes / In Favor,Yes / In Favor,No / Opposed,Yes / In Favor,Yes / In Favor,Yes / In Favor,Yes / In Favor,Yes / In Favor,Yes / In Favor
1,Jessica,Bennett,"Here, with gusto!",,Yes / In Favor,Yes / In Favor,Yes / In Favor,Yes / In Favor,Yes / In Favor,Yes / In Favor,No / Opposed,Yes / In Favor,Yes / In Favor,No / Opposed,Yes / In Favor,Yes / In Favor,Yes / In Favor,Yes / In Favor
2,Rachel,Berger,Here,,Yes / In Favor,Abstain,Yes / In Favor,Yes / In Favor,Yes / In Favor,Yes / In Favor,Yes / In Favor,Yes / In Favor,Yes / In Favor,Yes / In Favor,Yes / In Favor,No / Opposed,Yes / In Favor,Yes / In Favor
3,Joseph,Bernard,Here,,Yes / In Favor,Yes / In Favor,Yes / In Favor,Yes / In Favor,Yes / In Favor,Yes / In Favor,Abstain,Yes / In Favor,Abstain,No / Opposed,Yes / In Favor,No / Opposed,Yes / In Favor,Yes / In Favor
1,Carolyn,Bishop,Here,,Yes / In Favor,Yes / In Favor,Yes / In Favor,Yes / In Favor,Yes / In Favor,Yes / In Favor,Yes / In Favor,Abstain,Yes / In Favor,Yes / In Favor,Yes / In Favor,Yes / In Favor,Yes / In Favor,Yes / In Favor
8,Marty,Bitner,"Here, with gusto!",,Yes / In Favor,Yes / In Favor,Yes / In Favor,Yes / In Favor,Yes / In Favor,Yes / In Favor,Yes / In Favor,Yes / In Favor,Yes / In Favor,Yes / In Favor,-,-,-,-
5,Suzanne,Bloore,Here,,Yes / In Favor,Yes / In Favor,Yes / In Favor,Yes / In Favor,Yes / In Favor,Yes / In Favor,Yes / In Favor,No / Opposed,Yes / In Favor,Yes / In Favor,Yes / In Favor,Yes / In Favor,Yes / In Favor,Yes / In Favor
1,Kathryn,Bonfiglio,Here,,Yes / In Favor,Yes / In Favor,Yes / In Favor,Yes / In Favor,Yes / In Favor,Yes / In Favor,Yes / In Favor,No / Opposed,Yes / In Favor,Yes / In Favor,Yes / In Favor,Yes / In Favor,Yes / In Favor,Yes / In Favor
6,John,Bowe,"Here, with gusto!",,Yes / In Favor,Yes / In Favor,Yes / In Favor,Yes / In Favor,Yes / In Favor,Yes / In Favor,Yes / In Favor,No / Opposed,Yes / In Favor,Yes / In Favor,Yes / In Favor,Yes / In Favor,Yes / In Favor,Yes / In Favor
4,Catherine,Bowen,Barely here...,,Yes / In Favor,-,Yes / In Favor,Yes / In Favor,Yes / In Favor,Yes / In Favor,No / Opposed,Yes / In Favor,Yes / In Favor,Yes / In Favor,Yes / In Favor,No / Opposed,No / Opposed,Yes / In Favor
5,Mary,Bradley,Here,,Yes / In Favor,Yes / In Favor,Yes / In Favor,Yes / In Favor,Yes / In Favor,Yes / In Favor,Yes / In Favor,No / Opposed,Yes / In Favor,Yes / In Favor,Yes / In Favor,Yes / In Favor,Yes / In Favor,Yes / In Favor
8,Kevin,Brosnan,"Here, with gusto!",,Yes / In Favor,Yes / In Favor,Yes / In Favor,Yes / In Favor,Yes / In Favor,Yes / In Favor,-,-,-,-,Yes / In Favor,No / Opposed,Yes / In Favor,Yes / In Favor
4,Judith,Brown,Here,,Yes / In Favor,Yes / In Favor,Yes / In Favor,Yes / In Favor,Yes / In Favor,Yes / In Favor,Yes / In Favor,No / Opposed,Yes / In Favor,Yes / In Favor,Yes / In Favor,Yes / In Favor,Yes / In Favor,Yes / In Favor
2,Sumner,Brown,Here,,Yes / In Favor,Yes / In Favor,-,Yes / In Favor,Yes / In Favor,Yes / In Favor,Yes / In Favor,No / Opposed,Yes / In Favor,Yes / In Favor,-,-,-,-
AL,William,Brownsberger,Here,,Yes / In Favor,Yes / In Favor,Yes / In Favor,Yes / In Favor,Yes / In Favor,Yes / In Favor,No / Opposed,No / Opposed,Yes / In Favor,Yes / In Favor,Yes / In Favor,Yes / In Favor,Yes / In Favor,Yes / In Favor
2,John,Buckley,Here,,Yes / In Favor,Yes / In Favor,Yes / In Favor,Yes / In Favor,Yes / In Favor,Yes / In Favor,Yes / In Favor,No / Opposed,Yes / In Favor,Yes / In Favor,Yes / In Favor,Yes / In Favor,Yes / In Favor,Yes / In Favor
1,Reed,Bundy,"Here, with gusto!",,Yes / In Favor,Yes / In Favor,Yes / In Favor,Yes / In Favor,-,Yes / In Favor,Yes / In Favor,Yes / In Favor,Yes / In Favor,Yes / In Favor,Yes / In Favor,Yes / In Favor,Yes / In Favor,-
8,Carolyn,Bunyon,Here,,Yes / In Favor,Yes / In Favor,Yes / In Favor,Yes / In Favor,Yes / In Favor,Yes / In Favor,Yes / In Favor,No / Opposed,Yes / In Favor,Yes / In Favor,Yes / In Favor,Yes / In Favor,Yes / In Favor,Yes / In Favor
2,Susan,Burgess-Cox,"Here, with gusto!",,Yes / In Favor,Yes / In Favor,Yes / In Favor,Yes / In Favor,Yes / In Favor,Yes / In Favor,Yes / In Favor,No / Opposed,Yes / In Favor,Yes / In Favor,Yes / In Favor,Yes / In Favor,Yes / In Favor,Yes / In Favor
7,Seetha,Burtner,"Here, with gusto!",,Yes / In Favor,Yes / In Favor,Yes / In Favor,Yes / In Favor,Yes / In Favor,Yes / In Favor,Yes / In Favor,Yes / In Favor,Yes / In Favor,Yes / In Favor,Yes / In Favor,Yes / In Favor,Yes / In Favor,Yes / In Favor
7,Margaret,Callanan,"Here, with gusto!",,Yes / In Favor,Yes / In Favor,Yes / In Favor,Yes / In Favor,Yes / In Favor,-,Yes / In Favor,No / Opposed,Yes / In Favor,Yes / In Favor,-,Yes / In Favor,Yes / In Favor,Yes / In Favor
7,"Richard
“Nick”",Candee,"Here, with gusto!",,Yes / In Favor,Yes / In Favor,Yes / In Favor,Yes / In Favor,Yes / In Favor,Yes / In Favor,Yes / In Favor,No / Opposed,Yes / In Favor,Yes / In Favor,Yes / In Favor,Yes / In Favor,Yes / In Favor,-
8,Brian,Caputo,"Here, with gusto!",,Yes / In Favor,Yes / In Favor,Yes / In Favor,Yes / In Favor,Yes / In Favor,Yes / In Favor,Yes / In Favor,No / Opposed,Yes / In Favor,Yes / In Favor,Yes / In Favor,Yes / In Favor,Yes / In Favor,Yes / In Favor
8,Laura,Caputo,"Here, with gusto!",,Yes / In Favor,Yes / In Favor,Yes / In Favor,Yes / In Favor,Yes / In Favor,Yes / In Favor,Yes / In Favor,No / Opposed,Yes / In Favor,Yes / In Favor,Yes / In Favor,-,-,-
2,Tom,Caputo,"Here, with gusto!",,Yes / In Favor,Yes / In Favor,Yes / In Favor,Yes / In Favor,Yes / In Favor,Yes / In Favor,Yes / In Favor,No / Opposed,Yes / In Favor,Yes / In Favor,Yes / In Favor,-,-,-
5,Nancy,Carlson,Here,,Yes / In Favor,Yes / In Favor,Yes / In Favor,Yes / In Favor,Yes / In Favor,Yes / In Favor,Yes / In Favor,No / Opposed,Yes / In Favor,Yes / In Favor,Yes / In Favor,Yes / In Favor,Yes / In Favor,Yes / In Favor
AL,Floyd,Carman,"Here, with gusto!",,Yes / In Favor,Yes / In Favor,Yes / In Favor,Yes / In Favor,Yes / In Favor,Yes / In Favor,Yes / In Favor,No / Opposed,Yes / In Favor,Yes / In Favor,Yes / In Favor,Yes / In Favor,No / Opposed,Yes / In Favor
1,Mark,Carthy,Here,,Yes / In Favor,Yes / In Favor,Yes / In Favor,No / Opposed,No / Opposed,Yes / In Favor,Yes / In Favor,No / Opposed,Yes / In Favor,Yes / In Favor,Yes / In Favor,Yes / In Favor,No / Opposed,Yes / In Favor
3,David,Chase,"Here, with gusto!",,Yes / In Favor,Yes / In Favor,Yes / In Favor,Yes / In Favor,Yes / In Favor,Yes / In Favor,Yes / In Favor,Yes / In Favor,Yes / In Favor,Yes / In Favor,Yes / In Favor,Yes / In Favor,Yes / In Favor,Yes / In Favor
4,william,chemelli,Here,,Yes / In Favor,Yes / In Favor,Yes / In Favor,Yes / In Favor,Yes / In Favor,Yes / In Favor,Yes / In Favor,No / Opposed,Yes / In Favor,Yes / In Favor,Yes / In Favor,Yes / In Favor,Yes / In Favor,Yes / In Favor
4,MICHAEL,CHESSON,"Here, with gusto!",,Yes / In Favor,Yes / In Favor,Yes / In Favor,Yes / In Favor,Yes / In Favor,Yes / In Favor,Yes / In Favor,No / Opposed,Yes / In Favor,Yes / In Favor,Yes / In Favor,Yes / In Favor,No / Opposed,Yes / In Favor
4,Charles,Clark,Here,,Yes / In Favor,Yes / In Favor,Yes / In Favor,-,-,-,-,-,-,-,Yes / In Favor,Yes / In Favor,-,-
5,JOANNE,COAKLEY,"Here, with gusto!",,Yes / In Favor,Yes / In Favor,Yes / In Favor,Yes / In Favor,Yes / In Favor,Yes / In Favor,Yes / In Favor,No / Opposed,Yes / In Favor,Yes / In Favor,Yes / In Favor,Yes / In Favor,Yes / In Favor,Yes / In Favor
5,David,Coleman,"Here, with gusto!",,Yes / In Favor,Yes / In Favor,Yes / In Favor,Yes / In Favor,Yes / In Favor,Yes / In Favor,Yes / In Favor,Yes / In Favor,Yes / In Favor,Yes / In Favor,-,-,-,-
6,roger,colton,"Here, with gusto!",,Yes / In Favor,Yes / In Favor,Yes / In Favor,Yes / In Favor,Yes / In Favor,Yes / In Favor,Yes / In Favor,No / Opposed,Yes / In Favor,Yes / In Favor,Yes / In Favor,Yes / In Favor,Yes / In Favor,Yes / In Favor
2,Alex,Corbett,"Here, with gusto!",,Yes / In Favor,Yes / In Favor,Yes / In Favor,Yes / In Favor,Yes / In Favor,Yes / In Favor,Yes / In Favor,No / Opposed,Yes / In Favor,Yes / In Favor,Yes / In Favor,Yes / In Favor,Yes / In Favor,Yes / In Favor
8,Julia,Corbett,"Here, with gusto!",,Yes / In Favor,Yes / In Favor,Yes / In Favor,No / Opposed,Yes / In Favor,Yes / In Favor,Yes / In Favor,No / Opposed,Yes / In Favor,Yes / In Favor,Yes / In Favor,Yes / In Favor,Yes / In Favor,Yes / In Favor
8,Kathleen,Cowing,Here,,Yes / In Favor,Yes / In Favor,Yes / In Favor,Yes / In Favor,Yes / In Favor,Yes / In Favor,Yes / In Favor,No / Opposed,Yes / In Favor,Yes / In Favor,-,-,-,-
7,Clare,Crawford,Here,,Yes / In Favor,Yes / In Favor,Yes / In Favor,Yes / In Favor,Yes / In Favor,Yes / In Favor,Yes / In Favor,No / Opposed,Yes / In Favor,Yes / In Favor,Yes / In Favor,Yes / In Favor,Yes / In Favor,Yes / In Favor
3,Stephanie,Crement,"Here, with gusto!",,Yes / In Favor,Yes / In Favor,Yes / In Favor,Yes / In Favor,Yes / In Favor,Yes / In Favor,Yes / In Favor,Yes / In Favor,Yes / In Favor,Yes / In Favor,Yes / In Favor,Yes / In Favor,Yes / In Favor,Yes / In Favor
5,Julie,Crockett,Here,,Yes / In Favor,Yes / In Favor,Yes / In Favor,Yes / In Favor,Yes / In Favor,Yes / In Favor,No / Opposed,Yes / In Favor,No / Opposed,Yes / In Favor,Yes / In Favor,Yes / In Favor,Yes / In Favor,Yes / In Favor
8,Michael,Crowley,Here,,Yes / In Favor,Yes / In Favor,Yes / In Favor,Yes / In Favor,Yes / In Favor,Yes / In Favor,No / Opposed,Yes / In Favor,Yes / In Favor,No / Opposed,Yes / In Favor,Yes / In Favor,Yes / In Favor,Yes / In Favor
4,Kevin,Cunningham,Here,,Yes / In Favor,-,Yes / In Favor,Yes / In Favor,Yes / In Favor,Yes / In Favor,Yes / In Favor,No / Opposed,Yes / In Favor,Yes / In Favor,-,-,-,-
AL,Ellen,Cushman,Barely here...,,Yes / In Favor,Yes / In Favor,Yes / In Favor,Yes / In Favor,Yes / In Favor,Yes / In Favor,Abstain,Abstain,Yes / In Favor,Yes / In Favor,-,-,-,-
AL,Adam,Dash,"Here, with gusto!",,Yes / In Favor,Yes / In Favor,Yes / In Favor,Yes / In Favor,Yes / In Favor,Yes / In Favor,Yes / In Favor,No / Opposed,Yes / In Favor,Yes / In Favor,Yes / In Favor,Yes / In Favor,Yes / In Favor,Yes / In Favor
4,Debra,Deutsch,"Here, with gusto!",,Yes / In Favor,Yes / In Favor,Yes / In Favor,Yes / In Favor,Yes / In Favor,Yes / In Favor,No / Opposed,No / Opposed,Yes / In Favor,Yes / In Favor,Yes / In Favor,Yes / In Favor,Yes / In Favor,Yes / In Favor
3,John,Dieckmann,"Here, with gusto!",,Yes / In Favor,Yes / In Favor,Yes / In Favor,Yes / In Favor,Yes / In Favor,Yes / In Favor,Yes / In Favor,No / Opposed,Yes / In Favor,Yes / In Favor,Yes / In Favor,Yes / In Favor,Yes / In Favor,Yes / In Favor
2,Elizabeth,Dionne,"Here, with gusto!",,Yes / In Favor,Yes / In Favor,Yes / In Favor,Yes / In Favor,Yes / In Favor,Yes / In Favor,Yes / In Favor,No / Opposed,Yes / In Favor,Yes / In Favor,Yes / In Favor,Yes / In Favor,Yes / In Favor,Yes / In Favor
7,Nan,Donald,"Here, with gusto!",,Yes / In Favor,Yes / In Favor,Yes / In Favor,Yes / In Favor,Yes / In Favor,Yes / In Favor,Yes / In Favor,No / Opposed,Yes / In Favor,Yes / In Favor,Yes / In Favor,Yes / In Favor,Yes / In Favor,Abstain
5,Thayer,Donham,"Here, with gusto!",,Yes / In Favor,Yes / In Favor,Yes / In Favor,Yes / In Favor,Yes / In Favor,Yes / In Favor,Yes / In Favor,No / Opposed,Yes / In Favor,Yes / In Favor,Yes / In Favor,Yes / In Favor,Yes / In Favor,Yes / In Favor
6,Tara,Donner,"Here, with gusto!",,Yes / In Favor,Yes / In Favor,Yes / In Favor,Yes / In Favor,Yes / In Favor,Yes / In Favor,No / Opposed,Yes / In Favor,Yes / In Favor,Yes / In Favor,Yes / In Favor,Yes / In Favor,Yes / In Favor,Yes / In Favor
1,Christine,Doyle,Here,,Yes / In Favor,Yes / In Favor,Yes / In Favor,Yes / In Favor,Yes / In Favor,Yes / In Favor,Yes / In Favor,No / Opposed,Yes / In Favor,Yes / In Favor,Yes / In Favor,Yes / In Favor,Yes / In Favor,Yes / In Favor
7,Joan,Drevins,"Here, with gusto!",,Yes / In Favor,Yes / In Favor,Yes / In Favor,Yes / In Favor,Yes / In Favor,Yes / In Favor,Yes / In Favor,No / Opposed,Yes / In Favor,Yes / In Favor,Yes / In Favor,No / Opposed,Yes / In Favor,Yes / In Favor
6,Theodore,Dukas,Here,,Yes / In Favor,Yes / In Favor,Yes / In Favor,-,Yes / In Favor,Yes / In Favor,Yes / In Favor,No / Opposed,Yes / In Favor,Yes / In Favor,Yes / In Favor,Yes / In Favor,Yes / In Favor,Yes / In Favor
5,Janice,Ellard,Here,,Yes / In Favor,Yes / In Favor,Yes / In Favor,Yes / In Favor,Yes / In Favor,Yes / In Favor,No / Opposed,Yes / In Favor,Yes / In Favor,Yes / In Favor,Yes / In Favor,Yes / In Favor,Yes / In Favor,Yes / In Favor
6,Roy,Epstein,"Here, with gusto!",,Yes / In Favor,Yes / In Favor,Yes / In Favor,Yes / In Favor,Yes / In Favor,Yes / In Favor,Yes / In Favor,No / Opposed,Yes / In Favor,Yes / In Favor,Yes / In Favor,Yes / In Favor,Yes / In Favor,Yes / In Favor
6,Stephen,Evans,Here,,Yes / In Favor,Yes / In Favor,Yes / In Favor,Yes / In Favor,Yes / In Favor,Yes / In Favor,Yes / In Favor,Yes / In Favor,Yes / In Favor,Yes / In Favor,Yes / In Favor,Yes / In Favor,Yes / In Favor,Yes / In Favor
6,Judith,Feinleib,"Here, with gusto!",,Yes / In Favor,Yes / In Favor,Yes / In Favor,Yes / In Favor,Yes / In Favor,Yes / In Favor,Yes / In Favor,No / Opposed,Yes / In Favor,Yes / In Favor,Yes / In Favor,Yes / In Favor,Yes / In Favor,Yes / In Favor
5,Judith,Feins,Here,,Yes / In Favor,Yes / In Favor,Yes / In Favor,Yes / In Favor,Yes / In Favor,Yes / In Favor,Yes / In Favor,No / Opposed,Yes / In Favor,Yes / In Favor,-,-,-,-
8,Anthony,Ferrante,"Here, with gusto!",,Yes / In Favor,Yes / In Favor,Yes / In Favor,Yes / In Favor,Yes / In Favor,Yes / In Favor,Yes / In Favor,No / Opposed,Yes / In Favor,Yes / In Favor,Yes / In Favor,Yes / In Favor,Yes / In Favor,Yes / In Favor
5,Howard,Fine,Here,,Yes / In Favor,Yes / In Favor,Yes / In Favor,No / Opposed,Yes / In Favor,Yes / In Favor,Yes / In Favor,No / Opposed,Yes / In Favor,Yes / In Favor,Yes / In Favor,Yes / In Favor,-,Yes / In Favor
4,David,Flewelling,Here,,Yes / In Favor,Yes / In Favor,Yes / In Favor,Yes / In Favor,Yes / In Favor,Yes / In Favor,Yes / In Favor,No / Opposed,Yes / In Favor,Yes / In Favor,Yes / In Favor,Yes / In Favor,Yes / In Favor,Yes / In Favor
4,Sheila,Flewelling,Here,,Yes / In Favor,Yes / In Favor,Yes / In Favor,Yes / In Favor,Yes / In Favor,Yes / In Favor,Yes / In Favor,No / Opposed,Yes / In Favor,Yes / In Favor,Yes / In Favor,Yes / In Favor,Yes / In Favor,Yes / In Favor
5,Timothy,Flood,Here,,Yes / In Favor,Yes / In Favor,Yes / In Favor,No / Opposed,No / Opposed,Yes / In Favor,No / Opposed,Yes / In Favor,No / Opposed,No / Opposed,Yes / In Favor,Yes / In Favor,Yes / In Favor,Yes / In Favor
3,Bonnie,Friedman,"Here, with gusto!",,Yes / In Favor,Yes / In Favor,Yes / In Favor,Yes / In Favor,Yes / In Favor,Yes / In Favor,No / Opposed,Yes / In Favor,No / Opposed,Yes / In Favor,Yes / In Favor,Yes / In Favor,No / Opposed,Yes / In Favor
2,James,Gammill,Here,,Yes / In Favor,Yes / In Favor,Yes / In Favor,Yes / In Favor,Yes / In Favor,Yes / In Favor,Yes / In Favor,No / Opposed,Yes / In Favor,Yes / In Favor,Yes / In Favor,Yes / In Favor,Yes / In Favor,Yes / In Favor
5,Matt,Garver,Here,,Yes / In Favor,Yes / In Favor,Yes / In Favor,Yes / In Favor,Yes / In Favor,Yes / In Favor,Yes / In Favor,Yes / In Favor,No / Opposed,-,Yes / In Favor,Yes / In Favor,Yes / In Favor,Yes / In Favor
4,Lucia,Gates,"Here, with gusto!",,Yes / In Favor,Yes / In Favor,Yes / In Favor,Yes / In Favor,Yes / In Favor,Yes / In Favor,Yes / In Favor,Yes / In Favor,Yes / In Favor,Yes / In Favor,Yes / In Favor,Yes / In Favor,Yes / In Favor,Yes / In Favor
1,Mary,Gavin,Here,,Yes / In Favor,Yes / In Favor,Yes / In Favor,Yes / In Favor,Yes / In Favor,Yes / In Favor,Yes / In Favor,No / Opposed,Yes / In Favor,Yes / In Favor,Yes / In Favor,Yes / In Favor,Yes / In Favor,Yes / In Favor
7,Benjamin,Geiger,Here,,Yes / In Favor,Yes / In Favor,Yes / In Favor,Yes / In Favor,Yes / In Favor,Yes / In Favor,Yes / In Favor,No / Opposed,-,-,Yes / In Favor,Yes / In Favor,Yes / In Favor,Yes / In Favor
2,Ronald,Geiger,Here,,Yes / In Favor,Yes / In Favor,-,Yes / In Favor,Yes / In Favor,Yes / In Favor,Yes / In Favor,No / Opposed,Yes / In Favor,Yes / In Favor,Yes / In Favor,Yes / In Favor,Yes / In Favor,Yes / In Favor
4,Lisa,Gibalerio,Here,,Yes / In Favor,Yes / In Favor,Yes / In Favor,Yes / In Favor,Yes / In Favor,Yes / In Favor,Yes / In Favor,No / Opposed,Yes / In Favor,Yes / In Favor,-,Yes / In Favor,Yes / In Favor,Yes / In Favor
6,Elizabeth,Gibson,Here,,Yes / In Favor,Yes / In Favor,Yes / In Favor,Yes / In Favor,Yes / In Favor,Yes / In Favor,No / Opposed,Yes / In Favor,No / Opposed,Yes / In Favor,Yes / In Favor,Yes / In Favor,Yes / In Favor,Yes / In Favor
3,Shaun,Goho,Here,,Yes / In Favor,Yes / In Favor,Yes / In Favor,Yes / In Favor,Yes / In Favor,Yes / In Favor,No / Opposed,Yes / In Favor,Yes / In Favor,Yes / In Favor,Yes / In Favor,Yes / In Favor,Yes / In Favor,Yes / In Favor
1,Helen,Golding,Barely here...,,Yes / In Favor,Yes / In Favor,Yes / In Favor,Yes / In Favor,Yes / In Favor,Yes / In Favor,Yes / In Favor,No / Opposed,Yes / In Favor,Yes / In Favor,Yes / In Favor,Yes / In Favor,Yes / In Favor,Yes / In Favor
3,Ariane,"Goodman-
Belkadi",Here,,Yes / In Favor,Yes / In Favor,Yes / In Favor,Abstain,Abstain,Yes / In Favor,Yes / In Favor,No / Opposed,Yes / In Favor,Yes / In Favor,Yes / In Favor,Yes / In Favor,Yes / In Favor,Yes / In Favor
1,Gail,Gorman,Barely here...,,Yes / In Favor,-,Yes / In Favor,Yes / In Favor,Yes / In Favor,Yes / In Favor,Yes / In Favor,Yes / In Favor,Yes / In Favor,No / Opposed,Yes / In Favor,Yes / In Favor,Yes / In Favor,Yes / In Favor
7,Elizabeth,Goss,Here,,Yes / In Favor,Yes / In Favor,Yes / In Favor,Yes / In Favor,Yes / In Favor,Yes / In Favor,Yes / In Favor,No / Opposed,Yes / In Favor,Yes / In Favor,Yes / In Favor,Yes / In Favor,Yes / In Favor,Yes / In Favor
6,Laurie,Graham,"Here, with gusto!",,Yes / In Favor,Yes / In Favor,Yes / In Favor,Yes / In Favor,Yes / In Favor,Yes / In Favor,Yes / In Favor,Yes / In Favor,Yes / In Favor,Yes / In Favor,Yes / In Favor,Yes / In Favor,Yes / In Favor,Yes / In Favor
1,Daniel,Halston,Here,,Yes / In Favor,Yes / In Favor,Yes / In Favor,Yes / In Favor,Yes / In Favor,Yes / In Favor,Yes / In Favor,No / Opposed,Yes / In Favor,Yes / In Favor,Yes / In Favor,Yes / In Favor,Yes / In Favor,Yes / In Favor
3,Richard,Hartley,Here,,Yes / In Favor,Yes / In Favor,Yes / In Favor,Yes / In Favor,Yes / In Favor,Yes / In Favor,Yes / In Favor,No / Opposed,-,-,Yes / In Favor,-,Yes / In Favor,Yes / In Favor
1,Jocelyn,Hayes,Here,,Yes / In Favor,Yes / In Favor,Yes / In Favor,Yes / In Favor,Yes / In Favor,Yes / In Favor,Yes / In Favor,Yes / In Favor,Yes / In Favor,Yes / In Favor,Yes / In Favor,Yes / In Favor,Yes / In Favor,Yes / In Favor
2,Anne,Helgen,-,,Yes / In Favor,Yes / In Favor,Yes / In Favor,Yes / In Favor,Yes / In Favor,Yes / In Favor,No / Opposed,No / Opposed,Yes / In Favor,Yes / In Favor,Yes / In Favor,Yes / In Favor,Yes / In Favor,Yes / In Favor
2,KAREN,HEROSIAN,Here,,Yes / In Favor,Yes / In Favor,Yes / In Favor,Yes / In Favor,Yes / In Favor,Yes / In Favor,Yes / In Favor,No / Opposed,Yes / In Favor,Yes / In Favor,Yes / In Favor,Yes / In Favor,Yes / In Favor,Yes / In Favor
3,James,Herron,Here,,Yes / In Favor,Yes / In Favor,Yes / In Favor,Yes / In Favor,Yes / In Favor,Yes / In Favor,Yes / In Favor,Yes / In Favor,-,Yes / In Favor,-,-,-,-
2,Kelly,Higgins,Here,,Yes / In Favor,Yes / In Favor,Yes / In Favor,Yes / In Favor,Yes / In Favor,Yes / In Favor,Yes / In Favor,No / Opposed,Yes / In Favor,Yes / In Favor,Yes / In Favor,Yes / In Favor,Yes / In Favor,Yes / In Favor
7,Laura,Hill,Here,,Yes / In Favor,Yes / In Favor,Yes / In Favor,Yes / In Favor,Yes / In Favor,Yes / In Favor,Yes / In Favor,No / Opposed,Yes / In Favor,Yes / In Favor,Yes / In Favor,Yes / In Favor,Yes / In Favor,Yes / In Favor
4,jirair,hovsepian,-,,Yes / In Favor,Yes / In Favor,Yes / In Favor,Yes / In Favor,Yes / In Favor,Yes / In Favor,Yes / In Favor,No / Opposed,Yes / In Favor,Yes / In Favor,Yes / In Favor,Yes / In Favor,No / Opposed,Yes / In Favor
2,David,Hurley,Here,,Yes / In Favor,Yes / In Favor,Yes / In Favor,Yes / In Favor,Yes / In Favor,Yes / In Favor,Yes / In Favor,No / Opposed,Yes / In Favor,Yes / In Favor,Yes / In Favor,Yes / In Favor,Yes / In Favor,Yes / In Favor
7,Robert,Imberman,"Here, with gusto!",,Yes / In Favor,Yes / In Favor,Yes / In Favor,Yes / In Favor,Yes / In Favor,Yes / In Favor,Yes / In Favor,Yes / In Favor,Yes / In Favor,Yes / In Favor,Yes / In Favor,Yes / In Favor,Yes / In Favor,Yes / In Favor
8,Melissa,Irion,Here,,Yes / In Favor,Yes / In Favor,Yes / In Favor,Yes / In Favor,Yes / In Favor,Yes / In Favor,Yes / In Favor,Yes / In Favor,Yes / In Favor,Yes / In Favor,Yes / In Favor,Yes / In Favor,Yes / In Favor,Yes / In Favor
3,VERA L,ISKANDARIAN,-,,Yes / In Favor,Yes / In Favor,Yes / In Favor,Yes / In Favor,Yes / In Favor,Yes / In Favor,Yes / In Favor,Yes / In Favor,Yes / In Favor,Yes / In Favor,Yes / In Favor,Yes / In Favor,Yes / In Favor,Yes / In Favor
3,Ann,Jansen,"Here, with gusto!",,Yes / In Favor,Yes / In Favor,Yes / In Favor,Yes / In Favor,Yes / In Favor,Yes / In Favor,Yes / In Favor,No / Opposed,Yes / In Favor,Yes / In Favor,Yes / In Favor,Yes / In Favor,Yes / In Favor,Yes / In Favor
3,Juliet,Jenkins,Here,,Yes / In Favor,Yes / In Favor,Yes / In Favor,Yes / In Favor,Yes / In Favor,Yes / In Favor,Abstain,Yes / In Favor,Yes / In Favor,Yes / In Favor,Yes / In Favor,Yes / In Favor,Yes / In Favor,Yes / In Favor
6,Suzanne,Johannet,"Here, with gusto!",,Yes / In Favor,Yes / In Favor,Yes / In Favor,Yes / In Favor,Yes / In Favor,Yes / In Favor,Yes / In Favor,No / Opposed,Yes / In Favor,Yes / In Favor,Yes / In Favor,Yes / In Favor,No / Opposed,Yes / In Favor
5,Raymond,Johnson,"Here, with gusto!",,Yes / In Favor,Yes / In Favor,Yes / In Favor,No / Opposed,No / Opposed,Yes / In Favor,Yes / In Favor,No / Opposed,Yes / In Favor,Yes / In Favor,Yes / In Favor,Yes / In Favor,Yes / In Favor,Yes / In Favor
6,Virginia,Jordan,Here,,Yes / In Favor,Yes / In Favor,Yes / In Favor,Yes / In Favor,Yes / In Favor,Yes / In Favor,Yes / In Favor,Yes / In Favor,Yes / In Favor,Yes / In Favor,Yes / In Favor,Yes / In Favor,Yes / In Favor,Yes / In Favor
5,Myron,Kassaraba,"Here, with gusto!",,Yes / In Favor,Yes / In Favor,Yes / In Favor,Yes / In Favor,Yes / In Favor,Yes / In Favor,Yes / In Favor,No / Opposed,Yes / In Favor,Yes / In Favor,Yes / In Favor,Yes / In Favor,Yes / In Favor,Yes / In Favor
6,Mary Ann,Kazanjian,Here,,Yes / In Favor,Yes / In Favor,Yes / In Favor,No / Opposed,No / Opposed,Yes / In Favor,Yes / In Favor,Yes / In Favor,Yes / In Favor,Yes / In Favor,Yes / In Favor,Yes / In Favor,Yes / In Favor,Yes / In Favor
7,Patricia,Kelley,Here,,Yes / In Favor,Yes / In Favor,Yes / In Favor,Yes / In Favor,Yes / In Favor,Yes / In Favor,Yes / In Favor,No / Opposed,Yes / In Favor,Yes / In Favor,Yes / In Favor,Yes / In Favor,Yes / In Favor,Yes / In Favor
3,Mary,Kennedy,Here,,Yes / In Favor,Yes / In Favor,Yes / In Favor,Yes / In Favor,Yes / In Favor,Yes / In Favor,Yes / In Favor,No / Opposed,-,-,-,-,-,-
3,ROBERT,KENNEDY,Here,,Yes / In Favor,Yes / In Favor,Yes / In Favor,Yes / In Favor,Yes / In Favor,Yes / In Favor,Yes / In Favor,No / Opposed,-,-,-,-,-,-
6,Julie,Kirrane,Here,,Yes / In Favor,Yes / In Favor,Yes / In Favor,Yes / In Favor,Yes / In Favor,Yes / In Favor,Yes / In Favor,No / Opposed,Yes / In Favor,Yes / In Favor,Yes / In Favor,No / Opposed,Yes / In Favor,Yes / In Favor
6,Stephen,Klionsky,Here,,Yes / In Favor,Yes / In Favor,Yes / In Favor,Yes / In Favor,Yes / In Favor,Yes / In Favor,Yes / In Favor,No / Opposed,Abstain,Yes / In Favor,Yes / In Favor,Yes / In Favor,Yes / In Favor,Yes / In Favor
8,Christine,Kochem,"Here, with gusto!",,Yes / In Favor,Yes / In Favor,Yes / In Favor,Yes / In Favor,Yes / In Favor,Yes / In Favor,Yes / In Favor,No / Opposed,Yes / In Favor,Yes / In Favor,Yes / In Favor,Yes / In Favor,Yes / In Favor,Yes / In Favor
8,Robert,Kochem,"Here, with gusto!",,Yes / In Favor,Yes / In Favor,Yes / In Favor,Yes / In Favor,Yes / In Favor,Yes / In Favor,Yes / In Favor,No / Opposed,Yes / In Favor,Yes / In Favor,Yes / In Favor,Yes / In Favor,No / Opposed,Yes / In Favor
7,Natalie,Kostich,"Here, with gusto!",,Yes / In Favor,Yes / In Favor,Yes / In Favor,Yes / In Favor,Yes / In Favor,Yes / In Favor,Yes / In Favor,No / Opposed,Yes / In Favor,Yes / In Favor,Yes / In Favor,Yes / In Favor,Yes / In Favor,Yes / In Favor
7,Jennifer,Kundrot,Here,,Yes / In Favor,Yes / In Favor,Yes / In Favor,Yes / In Favor,Yes / In Favor,Yes / In Favor,No / Opposed,No / Opposed,No / Opposed,Yes / In Favor,Yes / In Favor,Yes / In Favor,Yes / In Favor,Yes / In Favor
8,Anne-Marie,Lambert,"Here, with gusto!",,Yes / In Favor,Yes / In Favor,Yes / In Favor,Yes / In Favor,Yes / In Favor,Yes / In Favor,Yes / In Favor,No / Opposed,Yes / In Favor,Yes / In Favor,Yes / In Favor,Yes / In Favor,Yes / In Favor,Yes / In Favor
8,Shilpa,Lawande,"Here, with gusto!",,Yes / In Favor,Yes / In Favor,Yes / In Favor,Yes / In Favor,Yes / In Favor,Yes / In Favor,No / Opposed,Yes / In Favor,Yes / In Favor,Yes / In Favor,Yes / In Favor,Yes / In Favor,No / Opposed,Yes / In Favor
8,Natalie,Leino,"Here, with gusto!",,Yes / In Favor,Yes / In Favor,Yes / In Favor,Yes / In Favor,Yes / In Favor,Yes / In Favor,No / Opposed,Yes / In Favor,Yes / In Favor,Yes / In Favor,Yes / In Favor,Yes / In Favor,Yes / In Favor,Yes / In Favor
3,Sarah,Lemieux,Here,,Yes / In Favor,Yes / In Favor,Yes / In Favor,Yes / In Favor,Yes / In Favor,Yes / In Favor,Yes / In Favor,Yes / In Favor,Yes / In Favor,Yes / In Favor,Yes / In Favor,Yes / In Favor,Yes / In Favor,Yes / In Favor
2,Linda,Levin-Scherz,"Here, with gusto!",,Yes / In Favor,Yes / In Favor,Yes / In Favor,Yes / In Favor,Yes / In Favor,Yes / In Favor,Yes / In Favor,No / Opposed,Yes / In Favor,Yes / In Favor,Yes / In Favor,Yes / In Favor,Yes / In Favor,Yes / In Favor
7,Ellen,Lewis,Here,,Yes / In Favor,Yes / In Favor,Yes / In Favor,Yes / In Favor,Yes / In Favor,Yes / In Favor,Yes / In Favor,Yes / In Favor,Yes / In Favor,Yes / In Favor,Yes / In Favor,-,No / Opposed,Yes / In Favor
7,Hannah,Liberty,Barely here...,,Yes / In Favor,Yes / In Favor,Yes / In Favor,Yes / In Favor,Yes / In Favor,Yes / In Favor,Yes / In Favor,Yes / In Favor,Yes / In Favor,Yes / In Favor,Yes / In Favor,Yes / In Favor,Yes / In Favor,Yes / In Favor
6,Priya,Licht,Here,,Yes / In Favor,Yes / In Favor,Yes / In Favor,Yes / In Favor,Yes / In Favor,Yes / In Favor,Yes / In Favor,No / Opposed,Yes / In Favor,Yes / In Favor,Yes / In Favor,Yes / In Favor,Yes / In Favor,Yes / In Favor
1,Alina,Lisanke,Here,,Yes / In Favor,Yes / In Favor,Yes / In Favor,Yes / In Favor,-,Yes / In Favor,Yes / In Favor,No / Opposed,Yes / In Favor,Yes / In Favor,Yes / In Favor,Yes / In Favor,Yes / In Favor,Yes / In Favor
7,Deborah,Lockett,"Here, with gusto!",,Yes / In Favor,Yes / In Favor,Yes / In Favor,Yes / In Favor,Abstain,Yes / In Favor,Yes / In Favor,Yes / In Favor,Yes / In Favor,Yes / In Favor,Yes / In Favor,Yes / In Favor,Yes / In Favor,Yes / In Favor
7,Geoffrey,Lubien,"Here, with gusto!",,Yes / In Favor,Yes / In Favor,Yes / In Favor,Yes / In Favor,Yes / In Favor,Yes / In Favor,No / Opposed,No / Opposed,Yes / In Favor,Yes / In Favor,Yes / In Favor,No / Opposed,Yes / In Favor,Yes / In Favor
8,Melissa,MacIntyre,Barely here...,,Yes / In Favor,Yes / In Favor,Yes / In Favor,Yes / In Favor,Yes / In Favor,Yes / In Favor,No / Opposed,Yes / In Favor,Yes / In Favor,No / Opposed,Yes / In Favor,Yes / In Favor,Yes / In Favor,Yes / In Favor
2,Peter,Magni,-,,Yes / In Favor,Yes / In Favor,Yes / In Favor,Yes / In Favor,Yes / In Favor,Yes / In Favor,Yes / In Favor,No / Opposed,Yes / In Favor,Yes / In Favor,Yes / In Favor,Yes / In Favor,Yes / In Favor,Yes / In Favor
1,Anne Marie,Mahoney,"Here, with gusto!",,Yes / In Favor,Yes / In Favor,Yes / In Favor,Yes / In Favor,Yes / In Favor,Yes / In Favor,Yes / In Favor,No / Opposed,Yes / In Favor,Yes / In Favor,Yes / In Favor,Yes / In Favor,Yes / In Favor,Yes / In Favor
4,Alon,Manela,"Here, with gusto!",,Yes / In Favor,Yes / In Favor,Yes / In Favor,Yes / In Favor,Yes / In Favor,Yes / In Favor,Abstain,Yes / In Favor,No / Opposed,No / Opposed,Yes / In Favor,Yes / In Favor,Yes / In Favor,Yes / In Favor
6,Gail,Mann,Here,,Yes / In Favor,Yes / In Favor,Yes / In Favor,Yes / In Favor,Yes / In Favor,Yes / In Favor,Yes / In Favor,No / Opposed,Yes / In Favor,Yes / In Favor,Yes / In Favor,Yes / In Favor,Yes / In Favor,Yes / In Favor
1,ROBERT,MCGAW,"Here, with gusto!",,Yes / In Favor,Yes / In Favor,Yes / In Favor,Yes / In Favor,Yes / In Favor,Yes / In Favor,No / Opposed,Yes / In Favor,Yes / In Favor,Yes / In Favor,Yes / In Favor,Yes / In Favor,Yes / In Favor,Yes / In Favor
2,Robert,McLaughlin,Here,,Yes / In Favor,Yes / In Favor,Yes / In Favor,Yes / In Favor,Yes / In Favor,Yes / In Favor,Yes / In Favor,No / Opposed,Yes / In Favor,Yes / In Favor,Yes / In Favor,Yes / In Favor,Yes / In Favor,Yes / In Favor
7,Michael,McNamara,"Here, with gusto!",,Yes / In Favor,Yes / In Favor,Yes / In Favor,Yes / In Favor,Yes / In Favor,Yes / In Favor,Yes / In Favor,No / Opposed,Yes / In Favor,Yes / In Favor,Yes / In Favor,Yes / In Favor,Yes / In Favor,Yes / In Favor
6,Lauren,Meier,Here,,Yes / In Favor,Yes / In Favor,Yes / In Favor,Yes / In Favor,Yes / In Favor,Yes / In Favor,Yes / In Favor,Yes / In Favor,Yes / In Favor,Yes / In Favor,Yes / In Favor,Yes / In Favor,Yes / In Favor,Yes / In Favor
8,donald,mercier,Here,,Yes / In Favor,-,Yes / In Favor,No / Opposed,-,-,-,-,Yes / In Favor,-,Yes / In Favor,Yes / In Favor,Yes / In Favor,Yes / In Favor
7,Benjamin,Meshoulam,"Here, with gusto!",,Yes / In Favor,Yes / In Favor,Yes / In Favor,Yes / In Favor,Yes / In Favor,Yes / In Favor,Yes / In Favor,Yes / In Favor,Yes / In Favor,Yes / In Favor,Yes / In Favor,Yes / In Favor,Yes / In Favor,Yes / In Favor
4,William,Messenger,Here,,Yes / In Favor,Yes / In Favor,-,-,-,-,-,-,-,-,Yes / In Favor,Yes / In Favor,Yes / In Favor,-
1,Jeffrey,Miller,Here,,Yes / In Favor,Yes / In Favor,Yes / In Favor,Yes / In Favor,Yes / In Favor,Yes / In Favor,Yes / In Favor,Yes / In Favor,-,-,-,-,-,-
7,Glen,Mohr,Here,,Yes / In Favor,Yes / In Favor,Yes / In Favor,Yes / In Favor,Yes / In Favor,Yes / In Favor,Yes / In Favor,No / Opposed,Yes / In Favor,Yes / In Favor,Yes / In Favor,Yes / In Favor,Yes / In Favor,Yes / In Favor
6,Jeanne,Mooney,"Here, with gusto!",,Yes / In Favor,Yes / In Favor,Yes / In Favor,Yes / In Favor,Yes / In Favor,Yes / In Favor,Yes / In Favor,No / Opposed,Yes / In Favor,Yes / In Favor,Yes / In Favor,Yes / In Favor,Yes / In Favor,Yes / In Favor
3,Martha,Moore,-,,Yes / In Favor,Yes / In Favor,-,Yes / In Favor,Yes / In Favor,Yes / In Favor,Yes / In Favor,No / Opposed,Yes / In Favor,Yes / In Favor,Yes / In Favor,Yes / In Favor,Yes / In Favor,Yes / In Favor
2,Meghan,Moriarty,Here,,Yes / In Favor,Yes / In Favor,Yes / In Favor,Yes / In Favor,Yes / In Favor,Yes / In Favor,Yes / In Favor,No / Opposed,Yes / In Favor,Yes / In Favor,-,Yes / In Favor,Yes / In Favor,Yes / In Favor
8,Patrick,"Murphy, IV",Here,,Yes / In Favor,Yes / In Favor,Yes / In Favor,Yes / In Favor,Yes / In Favor,-,Yes / In Favor,No / Opposed,Yes / In Favor,Yes / In Favor,Yes / In Favor,Yes / In Favor,Yes / In Favor,Yes / In Favor
1,Holly,Muson,Here,,Yes / In Favor,Yes / In Favor,Yes / In Favor,Yes / In Favor,Yes / In Favor,Yes / In Favor,Yes / In Favor,No / Opposed,Yes / In Favor,Yes / In Favor,Yes / In Favor,Yes / In Favor,Yes / In Favor,Yes / In Favor
7,Paul,Nelson,Here,,Yes / In Favor,Yes / In Favor,Yes / In Favor,Yes / In Favor,Yes / In Favor,Yes / In Favor,Yes / In Favor,No / Opposed,Yes / In Favor,Yes / In Favor,Yes / In Favor,Yes / In Favor,Yes / In Favor,Yes / In Favor
2,Daniel,Nolan,"Here, with gusto!",,Yes / In Favor,Yes / In Favor,Yes / In Favor,Yes / In Favor,Yes / In Favor,Yes / In Favor,Yes / In Favor,Yes / In Favor,Yes / In Favor,Yes / In Favor,Yes / In Favor,Yes / In Favor,Yes / In Favor,Yes / In Favor
3,Jill,Norton,"Here, with gusto!",,Yes / In Favor,Yes / In Favor,Yes / In Favor,Yes / In Favor,Yes / In Favor,Yes / In Favor,Yes / In Favor,Yes / In Favor,Yes / In Favor,Yes / In Favor,-,-,-,-
8,Dave,Nuscher,Here,,Yes / In Favor,Yes / In Favor,Yes / In Favor,Yes / In Favor,Yes / In Favor,Yes / In Favor,Yes / In Favor,No / Opposed,Yes / In Favor,Yes / In Favor,Yes / In Favor,Yes / In Favor,Yes / In Favor,Yes / In Favor
4,John,O Connor,"Here, with gusto!",,Yes / In Favor,Yes / In Favor,Yes / In Favor,Yes / In Favor,Yes / In Favor,Yes / In Favor,Yes / In Favor,No / Opposed,Yes / In Favor,Yes / In Favor,Yes / In Favor,Yes / In Favor,Yes / In Favor,Yes / In Favor
6,Katherine,Oates,Here,,Yes / In Favor,Yes / In Favor,Yes / In Favor,Yes / In Favor,Yes / In Favor,Yes / In Favor,Yes / In Favor,No / Opposed,Yes / In Favor,Yes / In Favor,Yes / In Favor,Yes / In Favor,Abstain,Yes / In Favor
6,Linda,Oates,Here,,Yes / In Favor,Yes / In Favor,Yes / In Favor,Yes / In Favor,Yes / In Favor,Yes / In Favor,Yes / In Favor,No / Opposed,Yes / In Favor,Yes / In Favor,Yes / In Favor,Yes / In Favor,Yes / In Favor,Yes / In Favor
1,Corinne,Olmsted,Here,,Yes / In Favor,Yes / In Favor,Yes / In Favor,Yes / In Favor,Yes / In Favor,Yes / In Favor,Yes / In Favor,No / Opposed,Abstain,Yes / In Favor,Abstain,Yes / In Favor,No / Opposed,Yes / In Favor
4,Rose,ONeil,Here,,Yes / In Favor,Yes / In Favor,Yes / In Favor,Yes / In Favor,Yes / In Favor,Yes / In Favor,No / Opposed,Yes / In Favor,Yes / In Favor,Yes / In Favor,Yes / In Favor,Yes / In Favor,Yes / In Favor,Yes / In Favor
3,Lisa,Oteri,"Here, with gusto!",,Yes / In Favor,Yes / In Favor,Yes / In Favor,Yes / In Favor,Yes / In Favor,Yes / In Favor,Yes / In Favor,No / Opposed,Yes / In Favor,Yes / In Favor,Yes / In Favor,Yes / In Favor,No / Opposed,Yes / In Favor
8,Mark,Paolillo,Here,,Yes / In Favor,Yes / In Favor,Yes / In Favor,Yes / In Favor,Yes / In Favor,Yes / In Favor,Yes / In Favor,No / Opposed,Yes / In Favor,Yes / In Favor,Yes / In Favor,Yes / In Favor,Yes / In Favor,Yes / In Favor
1,Emily,Peterson,"Here, with gusto!",,Yes / In Favor,Yes / In Favor,Yes / In Favor,Yes / In Favor,Yes / In Favor,Yes / In Favor,Yes / In Favor,Yes / In Favor,Yes / In Favor,Yes / In Favor,Yes / In Favor,Yes / In Favor,Yes / In Favor,Yes / In Favor
2,Elizabeth,Pew,Here,,Yes / In Favor,Yes / In Favor,Yes / In Favor,Yes / In Favor,Yes / In Favor,Yes / In Favor,No / Opposed,Yes / In Favor,Yes / In Favor,Abstain,Yes / In Favor,Yes / In Favor,Yes / In Favor,Yes / In Favor
6,Aaron,Pikcilingis,Here,,Yes / In Favor,Yes / In Favor,Yes / In Favor,Yes / In Favor,Yes / In Favor,Yes / In Favor,Yes / In Favor,No / Opposed,Yes / In Favor,Yes / In Favor,-,-,-,-
7,Stephen,Pinkerton,Here,,Yes / In Favor,Yes / In Favor,Yes / In Favor,Yes / In Favor,Yes / In Favor,Yes / In Favor,Yes / In Favor,No / Opposed,Yes / In Favor,Yes / In Favor,-,-,-,-
3,Martin,Plass,Here,,Yes / In Favor,Yes / In Favor,Yes / In Favor,Yes / In Favor,Yes / In Favor,Yes / In Favor,Yes / In Favor,Yes / In Favor,Yes / In Favor,Yes / In Favor,Yes / In Favor,Yes / In Favor,Yes / In Favor,Yes / In Favor
8,Sonja,Plesset,Here,,Yes / In Favor,Yes / In Favor,-,Yes / In Favor,Yes / In Favor,Yes / In Favor,Yes / In Favor,No / Opposed,-,Yes / In Favor,-,-,-,-
5,John,Pollock,Here,,Yes / In Favor,Yes / In Favor,Yes / In Favor,Yes / In Favor,Yes / In Favor,Yes / In Favor,Yes / In Favor,No / Opposed,Yes / In Favor,Yes / In Favor,Yes / In Favor,Yes / In Favor,Yes / In Favor,Yes / In Favor
5,Lois J,Pollock,Here,,Yes / In Favor,Yes / In Favor,Yes / In Favor,Yes / In Favor,Yes / In Favor,Yes / In Favor,Yes / In Favor,No / Opposed,Yes / In Favor,Yes / In Favor,Yes / In Favor,Yes / In Favor,Yes / In Favor,Yes / In Favor
6,Katherine,Poulin-Kerstien,Barely here...,,Yes / In Favor,Yes / In Favor,Yes / In Favor,Yes / In Favor,Yes / In Favor,Yes / In Favor,Yes / In Favor,No / Opposed,Yes / In Favor,Yes / In Favor,Yes / In Favor,Yes / In Favor,Yes / In Favor,Yes / In Favor
4,David,Powelstock,"Here, with gusto!",,Yes / In Favor,Yes / In Favor,Yes / In Favor,-,Yes / In Favor,Yes / In Favor,Yes / In Favor,Yes / In Favor,Yes / In Favor,No / Opposed,Yes / In Favor,Yes / In Favor,Yes / In Favor,Yes / In Favor
8,Lynn,Read,"Here, with gusto!",,Yes / In Favor,Yes / In Favor,Yes / In Favor,Yes / In Favor,Yes / In Favor,Yes / In Favor,Yes / In Favor,No / Opposed,No / Opposed,Yes / In Favor,Yes / In Favor,-,-,Yes / In Favor
8,Roger,Read,"Here, with gusto!",,Yes / In Favor,Yes / In Favor,Yes / In Favor,Yes / In Favor,Yes / In Favor,Yes / In Favor,Yes / In Favor,No / Opposed,Yes / In Favor,Yes / In Favor,Yes / In Favor,Yes / In Favor,Yes / In Favor,Yes / In Favor
6,Jocelyn,Record,Here,,Yes / In Favor,Yes / In Favor,Yes / In Favor,Yes / In Favor,Yes / In Favor,Yes / In Favor,No / Opposed,Yes / In Favor,No / Opposed,Yes / In Favor,Yes / In Favor,Yes / In Favor,Yes / In Favor,Yes / In Favor
4,Gitanjali,Rege,"Here, with gusto!",,Yes / In Favor,Yes / In Favor,Yes / In Favor,Yes / In Favor,Yes / In Favor,Yes / In Favor,Yes / In Favor,Yes / In Favor,Yes / In Favor,Yes / In Favor,Yes / In Favor,Yes / In Favor,Yes / In Favor,Yes / In Favor
7,ALISON,RHODES,-,,Yes / In Favor,Yes / In Favor,Yes / In Favor,Yes / In Favor,Yes / In Favor,Yes / In Favor,Yes / In Favor,Yes / In Favor,Yes / In Favor,Yes / In Favor,Yes / In Favor,Yes / In Favor,Yes / In Favor,Yes / In Favor
8,Ann,Rittenburg,Here,,Yes / In Favor,Yes / In Favor,Yes / In Favor,Yes / In Favor,Yes / In Favor,-,Yes / In Favor,No / Opposed,Yes / In Favor,Yes / In Favor,Yes / In Favor,Yes / In Favor,Yes / In Favor,Yes / In Favor
8,Paul,Roberts,"Here, with gusto!",,Yes / In Favor,Yes / In Favor,Yes / In Favor,Yes / In Favor,Yes / In Favor,Yes / In Favor,Yes / In Favor,Yes / In Favor,Yes / In Favor,No / Opposed,Yes / In Favor,-,-,-
2,John,Robotham,"Here, with gusto!",,Yes / In Favor,Yes / In Favor,Yes / In Favor,Yes / In Favor,Yes / In Favor,Abstain,Yes / In Favor,No / Opposed,Yes / In Favor,Yes / In Favor,Yes / In Favor,Yes / In Favor,Yes / In Favor,Yes / In Favor
2,Suzanne,Robotham,Here,,Yes / In Favor,Yes / In Favor,-,Yes / In Favor,Yes / In Favor,Abstain,Yes / In Favor,No / Opposed,Yes / In Favor,Yes / In Favor,Yes / In Favor,Yes / In Favor,Yes / In Favor,Yes / In Favor
8,Deborah,Rosales,Here,,Yes / In Favor,Yes / In Favor,Yes / In Favor,Yes / In Favor,Yes / In Favor,Yes / In Favor,Yes / In Favor,No / Opposed,Yes / In Favor,Yes / In Favor,Yes / In Favor,Yes / In Favor,Yes / In Favor,Yes / In Favor
8,Stephen,Rosales,Here,,Yes / In Favor,Yes / In Favor,Yes / In Favor,Yes / In Favor,Yes / In Favor,Yes / In Favor,Yes / In Favor,No / Opposed,Yes / In Favor,Yes / In Favor,Yes / In Favor,Yes / In Favor,No / Opposed,Yes / In Favor
7,Heather,Rubeski,"Here, with gusto!",,Yes / In Favor,Yes / In Favor,Yes / In Favor,Yes / In Favor,Yes / In Favor,Yes / In Favor,No / Opposed,Yes / In Favor,No / Opposed,No / Opposed,Yes / In Favor,Yes / In Favor,Yes / In Favor,Yes / In Favor
6,Brian,Saper,Here,,Yes / In Favor,Yes / In Favor,Yes / In Favor,Yes / In Favor,Yes / In Favor,Yes / In Favor,Yes / In Favor,No / Opposed,Yes / In Favor,Yes / In Favor,Yes / In Favor,Yes / In Favor,Yes / In Favor,Yes / In Favor
3,Judith Anania,Sarno,Here,,Yes / In Favor,Yes / In Favor,Yes / In Favor,Yes / In Favor,Yes / In Favor,Yes / In Favor,Yes / In Favor,No / Opposed,Yes / In Favor,Yes / In Favor,Yes / In Favor,Yes / In Favor,No / Opposed,Yes / In Favor
3,Robert,Sarno,Here,,Yes / In Favor,Yes / In Favor,Yes / In Favor,Yes / In Favor,Yes / In Favor,Yes / In Favor,Yes / In Favor,No / Opposed,Yes / In Favor,Yes / In Favor,Yes / In Favor,Yes / In Favor,Yes / In Favor,Yes / In Favor
4,Ogden,Sawyer,"Here, with gusto!",,Yes / In Favor,Yes / In Favor,Yes / In Favor,Yes / In Favor,Yes / In Favor,Yes / In Favor,No / Opposed,Yes / In Favor,No / Opposed,Yes / In Favor,Yes / In Favor,Yes / In Favor,Yes / In Favor,Yes / In Favor
2,Maryann,Scali,"Here, with gusto!",,Yes / In Favor,Yes / In Favor,Yes / In Favor,Yes / In Favor,Yes / In Favor,Yes / In Favor,Yes / In Favor,No / Opposed,Yes / In Favor,Yes / In Favor,Yes / In Favor,Yes / In Favor,Yes / In Favor,Yes / In Favor
4,Elizabeth,Schmidt,Here,,Yes / In Favor,Yes / In Favor,Yes / In Favor,Yes / In Favor,Yes / In Favor,Yes / In Favor,Yes / In Favor,No / Opposed,Yes / In Favor,Yes / In Favor,Yes / In Favor,Yes / In Favor,Yes / In Favor,Yes / In Favor
8,Ellen,Schreiber,"Here, with gusto!",,Yes / In Favor,Yes / In Favor,Yes / In Favor,Yes / In Favor,Yes / In Favor,Yes / In Favor,Yes / In Favor,No / Opposed,Yes / In Favor,Yes / In Favor,Yes / In Favor,Yes / In Favor,Yes / In Favor,Yes / In Favor
7,Kimberley,Selness,"Here, with gusto!",,Yes / In Favor,Yes / In Favor,Yes / In Favor,Yes / In Favor,Yes / In Favor,Yes / In Favor,Yes / In Favor,No / Opposed,Yes / In Favor,Yes / In Favor,Yes / In Favor,-,-,-
5,Andrea,Serra Masciari,Here,,Yes / In Favor,Yes / In Favor,Yes / In Favor,Yes / In Favor,Yes / In Favor,Yes / In Favor,No / Opposed,No / Opposed,No / Opposed,Yes / In Favor,Yes / In Favor,Yes / In Favor,Yes / In Favor,Yes / In Favor
6,elyse,shuster,Here,,Yes / In Favor,Yes / In Favor,Yes / In Favor,Yes / In Favor,Yes / In Favor,Yes / In Favor,Yes / In Favor,Yes / In Favor,Yes / In Favor,Yes / In Favor,Yes / In Favor,Yes / In Favor,Yes / In Favor,Yes / In Favor
6,Judith,Singler,Here,,Yes / In Favor,Yes / In Favor,Yes / In Favor,Yes / In Favor,Yes / In Favor,Yes / In Favor,Yes / In Favor,No / Opposed,Yes / In Favor,Yes / In Favor,Yes / In Favor,Yes / In Favor,Yes / In Favor,Yes / In Favor
6,Laurie,Slap,"Here, with gusto!",,Yes / In Favor,Yes / In Favor,Yes / In Favor,Yes / In Favor,Yes / In Favor,Yes / In Favor,No / Opposed,No / Opposed,Yes / In Favor,Yes / In Favor,-,-,-,-
6,Michael,Smith,Here,,Yes / In Favor,Yes / In Favor,Yes / In Favor,Yes / In Favor,Yes / In Favor,Yes / In Favor,Yes / In Favor,No / Opposed,Yes / In Favor,Yes / In Favor,-,Yes / In Favor,No / Opposed,Yes / In Favor
7,Brett,Sorenson,"Here, with gusto!",,Yes / In Favor,Yes / In Favor,Yes / In Favor,Yes / In Favor,Yes / In Favor,Yes / In Favor,Yes / In Favor,No / Opposed,Yes / In Favor,Yes / In Favor,Yes / In Favor,Yes / In Favor,Yes / In Favor,Yes / In Favor
3,Vincent,Stanton,Here,,Yes / In Favor,Yes / In Favor,Yes / In Favor,Yes / In Favor,Yes / In Favor,Yes / In Favor,Yes / In Favor,No / Opposed,Yes / In Favor,Yes / In Favor,Yes / In Favor,Yes / In Favor,Yes / In Favor,Yes / In Favor
4,DANIELL,STEVENS,"Here, with gusto!",,Yes / In Favor,Yes / In Favor,Yes / In Favor,Yes / In Favor,Yes / In Favor,Yes / In Favor,No / Opposed,Yes / In Favor,Yes / In Favor,No / Opposed,-,Yes / In Favor,No / Opposed,Yes / In Favor
8,Scott,Stratford,Here,,Yes / In Favor,Yes / In Favor,Yes / In Favor,Yes / In Favor,Yes / In Favor,Yes / In Favor,Yes / In Favor,No / Opposed,Yes / In Favor,Yes / In Favor,Yes / In Favor,No / Opposed,No / Opposed,Yes / In Favor
8,Ellen,Sugarman,"Here, with gusto!",,Yes / In Favor,Yes / In Favor,Yes / In Favor,Yes / In Favor,Yes / In Favor,Yes / In Favor,Yes / In Favor,No / Opposed,Yes / In Favor,Yes / In Favor,-,-,-,-
5,John,Sullivan,Here,,Yes / In Favor,Yes / In Favor,Yes / In Favor,Yes / In Favor,Yes / In Favor,Yes / In Favor,Yes / In Favor,Yes / In Favor,Yes / In Favor,No / Opposed,Yes / In Favor,Yes / In Favor,Yes / In Favor,Yes / In Favor
4,Johanna,Swift,Here,,Yes / In Favor,Yes / In Favor,Yes / In Favor,Yes / In Favor,Yes / In Favor,Yes / In Favor,Yes / In Favor,Yes / In Favor,Yes / In Favor,Yes / In Favor,Yes / In Favor,Yes / In Favor,No / Opposed,-
1,Yvette,Tenney,Barely here...,,Yes / In Favor,Yes / In Favor,Yes / In Favor,Yes / In Favor,Yes / In Favor,Yes / In Favor,Yes / In Favor,No / Opposed,Yes / In Favor,Yes / In Favor,Yes / In Favor,Yes / In Favor,Yes / In Favor,Yes / In Favor
6,PHIL,THAYER,Here,,Yes / In Favor,Yes / In Favor,Yes / In Favor,Abstain,Yes / In Favor,Yes / In Favor,No / Opposed,Yes / In Favor,Yes / In Favor,Yes / In Favor,Yes / In Favor,Yes / In Favor,Yes / In Favor,Yes / In Favor
1,Emma,Thurston,-,,Yes / In Favor,Yes / In Favor,Yes / In Favor,Yes / In Favor,Yes / In Favor,Yes / In Favor,Yes / In Favor,Abstain,Yes / In Favor,Yes / In Favor,Yes / In Favor,Yes / In Favor,Yes / In Favor,Yes / In Favor
7,Susan,Titus,-,,Yes / In Favor,Yes / In Favor,Yes / In Favor,Yes / In Favor,Yes / In Favor,Yes / In Favor,Yes / In Favor,No / Opposed,Yes / In Favor,Yes / In Favor,Yes / In Favor,Yes / In Favor,Yes / In Favor,Yes / In Favor
1,Ian,Todreas,Here,,Yes / In Favor,Yes / In Favor,Yes / In Favor,Yes / In Favor,Yes / In Favor,Yes / In Favor,Yes / In Favor,No / Opposed,Yes / In Favor,Yes / In Favor,Yes / In Favor,Yes / In Favor,Yes / In Favor,Yes / In Favor
1,Stephen,Tomczyk,"Here, with gusto!",,Yes / In Favor,Yes / In Favor,Yes / In Favor,Yes / In Favor,Yes / In Favor,Yes / In Favor,Yes / In Favor,No / Opposed,Yes / In Favor,Yes / In Favor,Yes / In Favor,No / Opposed,Yes / In Favor,Yes / In Favor
3,Heli,Tomford,"Here, with gusto!",,Yes / In Favor,Yes / In Favor,Yes / In Favor,Yes / In Favor,Yes / In Favor,Yes / In Favor,Yes / In Favor,No / Opposed,No / Opposed,Yes / In Favor,Yes / In Favor,No / Opposed,No / Opposed,Yes / In Favor
2,Amy,Trotsky,Here,,Yes / In Favor,Yes / In Favor,Yes / In Favor,Yes / In Favor,Yes / In Favor,Yes / In Favor,Yes / In Favor,No / Opposed,Yes / In Favor,Yes / In Favor,Yes / In Favor,Yes / In Favor,Yes / In Favor,Yes / In Favor
5,catherine,Umina,-,,Yes / In Favor,Yes / In Favor,Yes / In Favor,Yes / In Favor,No / Opposed,Yes / In Favor,Yes / In Favor,No / Opposed,Yes / In Favor,Yes / In Favor,Yes / In Favor,Yes / In Favor,Yes / In Favor,Yes / In Favor
7,Alexandra,van Geel,Here,,Yes / In Favor,Yes / In Favor,Yes / In Favor,Yes / In Favor,Yes / In Favor,Yes / In Favor,Yes / In Favor,No / Opposed,Yes / In Favor,Yes / In Favor,Yes / In Favor,Yes / In Favor,Yes / In Favor,Yes / In Favor
4,Laura,VanderHart,Here,,Yes / In Favor,Yes / In Favor,Yes / In Favor,Yes / In Favor,Yes / In Favor,Yes / In Favor,No / Opposed,Yes / In Favor,Yes / In Favor,Yes / In Favor,Yes / In Favor,Yes / In Favor,Yes / In Favor,Yes / In Favor
5,Mark,Wagner,Here,,Yes / In Favor,Yes / In Favor,Yes / In Favor,Yes / In Favor,Yes / In Favor,Yes / In Favor,No / Opposed,No / Opposed,No / Opposed,Yes / In Favor,-,Yes / In Favor,No / Opposed,Yes / In Favor
3,Ian,Watson,Here,,Yes / In Favor,Yes / In Favor,Yes / In Favor,Yes / In Favor,Yes / In Favor,Abstain,Yes / In Favor,No / Opposed,Yes / In Favor,Yes / In Favor,Yes / In Favor,Yes / In Favor,Yes / In Favor,Yes / In Favor
4,David,Webster,"Here, with gusto!",,Yes / In Favor,Yes / In Favor,Yes / In Favor,Yes / In Favor,Yes / In Favor,Yes / In Favor,Yes / In Favor,Yes / In Favor,Yes / In Favor,Yes / In Favor,Yes / In Favor,Yes / In Favor,Yes / In Favor,Yes / In Favor
2,Julia,Weeks,Here,,Yes / In Favor,Yes / In Favor,Yes / In Favor,Yes / In Favor,Yes / In Favor,Yes / In Favor,Yes / In Favor,No / Opposed,Yes / In Favor,Yes / In Favor,Yes / In Favor,Yes / In Favor,Yes / In Favor,Yes / In Favor
2,Elizabeth,Weintraub,"Here, with gusto!",,Yes / In Favor,Yes / In Favor,Yes / In Favor,Yes / In Favor,Yes / In Favor,Yes / In Favor,No / Opposed,No / Opposed,Yes / In Favor,Yes / In Favor,Yes / In Favor,Yes / In Favor,Yes / In Favor,Yes / In Favor
1,Jack,Weis,Here,,Yes / In Favor,Yes / In Favor,Yes / In Favor,Yes / In Favor,Yes / In Favor,Yes / In Favor,No / Opposed,No / Opposed,No / Opposed,Yes / In Favor,Yes / In Favor,Yes / In Favor,Yes / In Favor,Yes / In Favor
6,Peter,Whitmer,"Here, with gusto!",,Yes / In Favor,Yes / In Favor,Yes / In Favor,Yes / In Favor,Yes / In Favor,Yes / In Favor,No / Opposed,Yes / In Favor,Yes / In Favor,No / Opposed,Yes / In Favor,Yes / In Favor,No / Opposed,Yes / In Favor
5,Jeanne,Widmer,"Here, with gusto!",,Yes / In Favor,Yes / In Favor,Yes / In Favor,Yes / In Favor,Yes / In Favor,Yes / In Favor,Yes / In Favor,No / Opposed,Yes / In Favor,Yes / In Favor,Yes / In Favor,Yes / In Favor,Yes / In Favor,Yes / In Favor
5,Casey,Williams,Here,,Yes / In Favor,Yes / In Favor,Yes / In Favor,Yes / In Favor,Yes / In Favor,Yes / In Favor,Yes / In Favor,No / Opposed,Yes / In Favor,Yes / In Favor,Yes / In Favor,Yes / In Favor,Yes / In Favor,Yes / In Favor
7,Glenn,Wong,Here,,Yes / In Favor,Yes / In Favor,Yes / In Favor,Yes / In Favor,Yes / In Favor,Yes / In Favor,Abstain,Yes / In Favor,Yes / In Favor,Yes / In Favor,Yes / In Favor,-,-,Yes / In Favor
1,Elizabeth,Woo,Barely here...,,Yes / In Favor,Yes / In Favor,Yes / In Favor,Yes / In Favor,Yes / In Favor,Yes / In Favor,Yes / In Favor,No / Opposed,Yes / In Favor,Yes / In Favor,Yes / In Favor,Yes / In Favor,Yes / In Favor,Yes / In Favor
5,Roger,Wrubel,Here,,Yes / In Favor,Yes / In Favor,Yes / In Favor,Yes / In Favor,Yes / In Favor,Yes / In Favor,Yes / In Favor,No / Opposed,Yes / In Favor,Yes / In Favor,Yes / In Favor,Yes / In Favor,Yes / In Favor,Yes / In Favor
6,Julie,Wu,"Here, with gusto!",,Yes / In Favor,Yes / In Favor,Yes / In Favor,Yes / In Favor,Yes / In Favor,Yes / In Favor,No / Opposed,Yes / In Favor,Yes / In Favor,Yes / In Favor,Yes / In Favor,Yes / In Favor,Yes / In Favor,Yes / In Favor
8,Gi,Yoon-Huang,"Here, with gusto!",,Yes / In Favor,Yes / In Favor,Yes / In Favor,Yes / In Favor,Yes / In Favor,Yes / In Favor,No / Opposed,No / Opposed,No / Opposed,Yes / In Favor,Yes / In Favor,Yes / In Favor,Yes / In Favor,Yes / In Favor
3,Michelle,Young,Here,,Yes / In Favor,Yes / In Favor,Yes / In Favor,Yes / In Favor,Abstain,Yes / In Favor,Yes / In Favor,No / Opposed,Yes / In Favor,Yes / In Favor,Yes / In Favor,No / Opposed,Yes / In Favor,Yes / In Favor
1,Kristen,Zecchi,Here,,Yes / In Favor,Yes / In Favor,Yes / In Favor,-,-,-,No / Opposed,Yes / In Favor,Yes / In Favor,Yes / In Favor,Yes / In Favor,Yes / In Favor,Yes / In Favor,Yes / In Favor
2,David,Zipkin,Here,,Yes / In Favor,Yes / In Favor,Yes / In Favor,Yes / In Favor,Yes / In Favor,Yes / In Favor,Yes / In Favor,Yes / In Favor,Yes / In Favor,Yes / In Favor,Yes / In Favor,Yes / In Favor,Yes / In Favor,Yes / In Favor