pct,first name,last name,attendance,votes available legend,remote town meeting vote,article 1: reports,consent agenda: articles 2-6,article 7: a) appropriation of capital expeditures,article 7: b) appropriation of capital expenditures,article 8: opeb stabilization fund,motion to terminate debate: discussion on article 9 crockett amendment,article 9 crockett amendment: fy21 budget appropriation,motion to terminate debate: discussion on article 9 main motion,aricle 9: fy21 budget appropriation main motion,aricle 10: fy21 community preservation committee budget and projects,motion to terminate debate: discussion on article 11,article 11: community preservation committee amend 2018 appropriation for belmont housing,article 12: home rule petition for special act of the massachusetts legislature - remote participation of town meeting,vote date
5,Elaine,Alligood,-,,-,-,Yes / In Favor,Yes / In Favor,Yes / In Favor,Yes / In Favor,Yes / In Favor,No / Opposed,Yes / In Favor,Yes / In Favor,Yes / In Favor,Yes / In Favor,Yes / In Favor,Yes / In Favor,06-16-2020
3,Lot,Bates,-,,-,-,-,-,-,-,-,-,-,-,-,-,-,-,06-16-2020
7,Seth,Belcher,-,,-,-,-,-,-,-,-,-,-,-,-,-,-,-,06-16-2020
5,Stephen,Carlini,-,,-,-,-,-,-,-,-,-,-,-,-,-,-,-,06-16-2020
2,Joseph,DeStefano,-,,-,-,-,-,-,-,-,-,-,-,Yes / In Favor,Yes / In Favor,Abstain,Yes / In Favor,06-16-2020
AL,Stephen,Fiore,-,,-,-,-,-,-,-,-,-,-,-,Yes / In Favor,Yes / In Favor,Yes / In Favor,-,06-16-2020
4,Linda,Ghilardi,-,,-,-,-,-,-,-,-,-,-,-,-,-,-,-,06-16-2020
8,Anne,Goldenberg,-,,-,-,-,-,-,-,-,-,-,-,-,-,-,-,06-16-2020
3,Daniel John,Healey,-,,-,-,Yes / In Favor,-,-,-,-,-,-,-,-,-,-,-,06-16-2020
5,Christopher,Howe,-,,-,-,-,-,-,-,-,-,-,-,-,-,-,-,06-16-2020
7,Abigail,Jacobs,-,,-,-,-,-,-,-,-,-,-,-,-,-,-,-,06-16-2020
4,Brian,Keefe,Here,,-,Yes / In Favor,Yes / In Favor,Yes / In Favor,-,Yes / In Favor,Yes / In Favor,Yes / In Favor,-,-,-,-,-,-,06-16-2020
2,Kathleen,Keohane,Here,,-,Yes / In Favor,Yes / In Favor,Yes / In Favor,Yes / In Favor,Yes / In Favor,Yes / In Favor,No / Opposed,Yes / In Favor,Yes / In Favor,Yes / In Favor,Yes / In Favor,No / Opposed,Yes / In Favor,06-16-2020
8,Stephen,Kerins,-,,-,Yes / In Favor,Yes / In Favor,Yes / In Favor,Yes / In Favor,Yes / In Favor,Yes / In Favor,No / Opposed,Yes / In Favor,No / Opposed,Yes / In Favor,No / Opposed,No / Opposed,Yes / In Favor,06-16-2020
2,Thomas,Lowery,-,,-,-,-,-,-,-,-,-,-,-,-,-,-,-,06-16-2020
4,Anne,Mahon,-,,-,-,-,-,-,-,-,-,-,-,-,-,-,-,06-16-2020
4,Shonool,Malik,-,,-,-,-,-,-,-,-,-,-,-,-,-,-,-,06-16-2020
3,Raffi,Manjikian,"Here, with gusto!",,-,Yes / In Favor,Yes / In Favor,Yes / In Favor,Yes / In Favor,Yes / In Favor,Yes / In Favor,No / Opposed,Yes / In Favor,Yes / In Favor,Yes / In Favor,Yes / In Favor,Yes / In Favor,Yes / In Favor,06-16-2020
2,J.A.,McSwain,-,,-,Yes / In Favor,Yes / In Favor,Yes / In Favor,Yes / In Favor,Yes / In Favor,Yes / In Favor,Yes / In Favor,Yes / In Favor,Yes / In Favor,Yes / In Favor,Yes / In Favor,Yes / In Favor,Yes / In Favor,06-16-2020
3,diane,miller,-,,-,-,-,-,-,-,-,-,-,-,-,-,-,-,06-16-2020
5,Jaime,Murphy,-,,-,Yes / In Favor,Yes / In Favor,Yes / In Favor,Yes / In Favor,Yes / In Favor,Yes / In Favor,No / Opposed,Yes / In Favor,Yes / In Favor,Yes / In Favor,Yes / In Favor,Yes / In Favor,-,06-16-2020
2,Devan,O'Toole,-,,-,-,-,-,-,-,-,-,-,-,-,-,-,-,06-16-2020
4,John,Occhino,-,,-,-,Yes / In Favor,Yes / In Favor,Yes / In Favor,Yes / In Favor,Yes / In Favor,No / Opposed,Yes / In Favor,Yes / In Favor,Yes / In Favor,Yes / In Favor,Yes / In Favor,Yes / In Favor,06-16-2020
5,Sandra,Occhino,-,,-,-,Yes / In Favor,Yes / In Favor,Yes / In Favor,Yes / In Favor,Yes / In Favor,No / Opposed,Yes / In Favor,Abstain,Yes / In Favor,-,-,Yes / In Favor,06-16-2020
5,Tommasina,Olson,-,,-,-,Yes / In Favor,Yes / In Favor,Yes / In Favor,-,Yes / In Favor,-,Yes / In Favor,Yes / In Favor,Yes / In Favor,Yes / In Favor,Yes / In Favor,Yes / In Favor,06-16-2020
2,Karnig,Ostayan,-,,-,-,-,-,-,-,-,-,-,-,Yes / In Favor,Yes / In Favor,Yes / In Favor,Yes / In Favor,06-16-2020
4,Lisa,Pargoli,-,,-,-,Yes / In Favor,Yes / In Favor,Yes / In Favor,Yes / In Favor,Yes / In Favor,No / Opposed,No / Opposed,No / Opposed,Yes / In Favor,Yes / In Favor,Yes / In Favor,Yes / In Favor,06-16-2020
1,Adriana,Poole,-,,-,Yes / In Favor,Yes / In Favor,Yes / In Favor,Yes / In Favor,Yes / In Favor,Yes / In Favor,Yes / In Favor,Yes / In Favor,Yes / In Favor,Yes / In Favor,Yes / In Favor,Yes / In Favor,Yes / In Favor,06-16-2020
AL,Andrea,Prestwich,-,,-,-,-,-,-,-,-,-,-,-,-,-,-,-,06-16-2020
6,Robert P,Reardon,-,,-,-,-,No / Opposed,No / Opposed,Yes / In Favor,Yes / In Favor,No / Opposed,Yes / In Favor,Yes / In Favor,Yes / In Favor,No / Opposed,Yes / In Favor,Yes / In Favor,06-16-2020
5,Andres,Rojas,-,,-,-,-,-,-,-,-,-,-,-,-,-,-,-,06-16-2020
5,Michael,Russo,-,,-,-,-,-,-,-,-,-,-,-,-,-,-,-,06-16-2020
6,Joel,Semuels,-,,-,-,Yes / In Favor,Yes / In Favor,Yes / In Favor,Yes / In Favor,Yes / In Favor,-,Yes / In Favor,Yes / In Favor,Yes / In Favor,Yes / In Favor,Yes / In Favor,Yes / In Favor,06-16-2020
6,Jamie,Shea,-,,-,-,-,-,-,-,-,-,-,-,Yes / In Favor,Yes / In Favor,Yes / In Favor,Yes / In Favor,06-16-2020
3,mary,stearns,Here,,-,Yes / In Favor,Yes / In Favor,Yes / In Favor,Yes / In Favor,Yes / In Favor,Yes / In Favor,No / Opposed,Yes / In Favor,Yes / In Favor,-,Yes / In Favor,No / Opposed,Yes / In Favor,06-16-2020
7,Dan,Strain,-,,-,-,-,-,-,-,-,-,-,-,-,-,-,-,06-16-2020
4,Joseph,White,-,,-,-,-,-,-,-,-,-,-,-,-,-,-,-,06-16-2020
3,Carole,Williams,-,,-,-,Yes / In Favor,Yes / In Favor,Yes / In Favor,Yes / In Favor,Yes / In Favor,Yes / In Favor,-,-,-,-,-,-,06-16-2020
3,Sue,Bass,Here,,No / Opposed,Yes / In Favor,Yes / In Favor,Yes / In Favor,Yes / In Favor,Yes / In Favor,Yes / In Favor,Yes / In Favor,Yes / In Favor,Yes / In Favor,Yes / In Favor,Yes / In Favor,Yes / In Favor,Yes / In Favor,06-16-2020
3,Bradley,Abruzzi,"Here, with gusto!",,Yes / In Favor,Yes / In Favor,Yes / In Favor,Yes / In Favor,Yes / In Favor,Yes / In Favor,No / Opposed,Yes / In Favor,Yes / In Favor,Yes / In Favor,Yes / In Favor,Yes / In Favor,Yes / In Favor,Yes / In Favor,06-16-2020
2,Leslie,Aitken,Here,,Yes / In Favor,Yes / In Favor,Yes / In Favor,Yes / In Favor,Yes / In Favor,Yes / In Favor,Yes / In Favor,No / Opposed,Yes / In Favor,Yes / In Favor,Yes / In Favor,-,Yes / In Favor,Yes / In Favor,06-16-2020
1,John,Alcock,Here,,Yes / In Favor,Yes / In Favor,Yes / In Favor,Yes / In Favor,Yes / In Favor,Yes / In Favor,Yes / In Favor,No / Opposed,Yes / In Favor,Yes / In Favor,-,-,-,-,06-16-2020
3,Liz,Allison,Here,,Yes / In Favor,Yes / In Favor,Yes / In Favor,Yes / In Favor,Yes / In Favor,Yes / In Favor,Yes / In Favor,No / Opposed,Yes / In Favor,Yes / In Favor,Yes / In Favor,Yes / In Favor,Yes / In Favor,Yes / In Favor,06-16-2020
6,David,Alper,Here,,Yes / In Favor,Yes / In Favor,Yes / In Favor,Yes / In Favor,Yes / In Favor,Yes / In Favor,-,-,Yes / In Favor,Yes / In Favor,Yes / In Favor,Yes / In Favor,Yes / In Favor,Yes / In Favor,06-16-2020
5,Arto,Asadoorian,Here,,Yes / In Favor,Yes / In Favor,Yes / In Favor,Yes / In Favor,Yes / In Favor,Yes / In Favor,Yes / In Favor,No / Opposed,Yes / In Favor,Yes / In Favor,Yes / In Favor,Yes / In Favor,Yes / In Favor,Yes / In Favor,06-16-2020
1,Jennifer,Ausrotas,Here,,Yes / In Favor,Yes / In Favor,Yes / In Favor,Yes / In Favor,Yes / In Favor,Yes / In Favor,Yes / In Favor,Yes / In Favor,Yes / In Favor,Yes / In Favor,-,Yes / In Favor,Abstain,Yes / In Favor,06-16-2020
4,Rola,Baghdady,Here,,Yes / In Favor,Yes / In Favor,Yes / In Favor,Yes / In Favor,Yes / In Favor,Yes / In Favor,Yes / In Favor,No / Opposed,Yes / In Favor,Yes / In Favor,Yes / In Favor,Yes / In Favor,Yes / In Favor,Yes / In Favor,06-16-2020
4,Sami,Baghdady,Here,,Yes / In Favor,Yes / In Favor,Yes / In Favor,Yes / In Favor,Yes / In Favor,Yes / In Favor,Yes / In Favor,No / Opposed,Yes / In Favor,Yes / In Favor,Yes / In Favor,Yes / In Favor,Yes / In Favor,Yes / In Favor,06-16-2020
7,Bethan,Bailey,"Here, with gusto!",,Yes / In Favor,Yes / In Favor,Yes / In Favor,Yes / In Favor,Yes / In Favor,Yes / In Favor,Yes / In Favor,Yes / In Favor,-,-,Yes / In Favor,Yes / In Favor,Yes / In Favor,Yes / In Favor,06-16-2020
4,Helen,Bakeman,Here,,Yes / In Favor,Yes / In Favor,Yes / In Favor,Yes / In Favor,Yes / In Favor,Yes / In Favor,Yes / In Favor,No / Opposed,Yes / In Favor,Yes / In Favor,Yes / In Favor,No / Opposed,Yes / In Favor,Yes / In Favor,06-16-2020
1,Heather,Barr,"Here, with gusto!",,Yes / In Favor,Yes / In Favor,Yes / In Favor,Yes / In Favor,Yes / In Favor,Yes / In Favor,Yes / In Favor,Yes / In Favor,Yes / In Favor,Yes / In Favor,Yes / In Favor,Yes / In Favor,Yes / In Favor,Yes / In Favor,06-16-2020
1,DANIEL,BARRY,"Here, with gusto!",,Yes / In Favor,Yes / In Favor,Yes / In Favor,Yes / In Favor,Yes / In Favor,Yes / In Favor,No / Opposed,Yes / In Favor,Yes / In Favor,Yes / In Favor,Yes / In Favor,Yes / In Favor,Yes / In Favor,Yes / In Favor,06-16-2020
8,Kathleen,Baskin,"Here, with gusto!",,Yes / In Favor,Yes / In Favor,Yes / In Favor,Yes / In Favor,Yes / In Favor,Yes / In Favor,Yes / In Favor,No / Opposed,Yes / In Favor,Yes / In Favor,-,-,-,-,06-16-2020
5,Claus,Becker,"Here, with gusto!",,Yes / In Favor,Yes / In Favor,Yes / In Favor,Yes / In Favor,Yes / In Favor,Yes / In Favor,Yes / In Favor,Yes / In Favor,-,-,Yes / In Favor,-,-,-,06-16-2020
3,Adam,Belkadi,Barely here...,,Yes / In Favor,Yes / In Favor,Yes / In Favor,Yes / In Favor,Yes / In Favor,Yes / In Favor,Yes / In Favor,No / Opposed,Yes / In Favor,Yes / In Favor,Yes / In Favor,Yes / In Favor,Yes / In Favor,Yes / In Favor,06-16-2020
5,Kristen,Bell,Here,,Yes / In Favor,Yes / In Favor,Yes / In Favor,Yes / In Favor,Yes / In Favor,Yes / In Favor,Yes / In Favor,No / Opposed,Yes / In Favor,Yes / In Favor,Yes / In Favor,Yes / In Favor,Yes / In Favor,Yes / In Favor,06-16-2020
1,Jessica,Bennett,"Here, with gusto!",,Yes / In Favor,Yes / In Favor,Yes / In Favor,Yes / In Favor,Yes / In Favor,Yes / In Favor,No / Opposed,Yes / In Favor,Yes / In Favor,No / Opposed,Yes / In Favor,Yes / In Favor,Yes / In Favor,Yes / In Favor,06-16-2020
2,Rachel,Berger,Here,,Yes / In Favor,Abstain,Yes / In Favor,Yes / In Favor,Yes / In Favor,Yes / In Favor,Yes / In Favor,Yes / In Favor,Yes / In Favor,Yes / In Favor,Yes / In Favor,No / Opposed,Yes / In Favor,Yes / In Favor,06-16-2020
3,Joseph,Bernard,Here,,Yes / In Favor,Yes / In Favor,Yes / In Favor,Yes / In Favor,Yes / In Favor,Yes / In Favor,Abstain,Yes / In Favor,Abstain,No / Opposed,Yes / In Favor,No / Opposed,Yes / In Favor,Yes / In Favor,06-16-2020
1,Carolyn,Bishop,Here,,Yes / In Favor,Yes / In Favor,Yes / In Favor,Yes / In Favor,Yes / In Favor,Yes / In Favor,Yes / In Favor,Abstain,Yes / In Favor,Yes / In Favor,Yes / In Favor,Yes / In Favor,Yes / In Favor,Yes / In Favor,06-16-2020
8,Marty,Bitner,"Here, with gusto!",,Yes / In Favor,Yes / In Favor,Yes / In Favor,Yes / In Favor,Yes / In Favor,Yes / In Favor,Yes / In Favor,Yes / In Favor,Yes / In Favor,Yes / In Favor,-,-,-,-,06-16-2020
5,Suzanne,Bloore,Here,,Yes / In Favor,Yes / In Favor,Yes / In Favor,Yes / In Favor,Yes / In Favor,Yes / In Favor,Yes / In Favor,No / Opposed,Yes / In Favor,Yes / In Favor,Yes / In Favor,Yes / In Favor,Yes / In Favor,Yes / In Favor,06-16-2020
1,Kathryn,Bonfiglio,Here,,Yes / In Favor,Yes / In Favor,Yes / In Favor,Yes / In Favor,Yes / In Favor,Yes / In Favor,Yes / In Favor,No / Opposed,Yes / In Favor,Yes / In Favor,Yes / In Favor,Yes / In Favor,Yes / In Favor,Yes / In Favor,06-16-2020
6,John,Bowe,"Here, with gusto!",,Yes / In Favor,Yes / In Favor,Yes / In Favor,Yes / In Favor,Yes / In Favor,Yes / In Favor,Yes / In Favor,No / Opposed,Yes / In Favor,Yes / In Favor,Yes / In Favor,Yes / In Favor,Yes / In Favor,Yes / In Favor,06-16-2020
4,Catherine,Bowen,Barely here...,,Yes / In Favor,-,Yes / In Favor,Yes / In Favor,Yes / In Favor,Yes / In Favor,No / Opposed,Yes / In Favor,Yes / In Favor,Yes / In Favor,Yes / In Favor,No / Opposed,No / Opposed,Yes / In Favor,06-16-2020
5,Mary,Bradley,Here,,Yes / In Favor,Yes / In Favor,Yes / In Favor,Yes / In Favor,Yes / In Favor,Yes / In Favor,Yes / In Favor,No / Opposed,Yes / In Favor,Yes / In Favor,Yes / In Favor,Yes / In Favor,Yes / In Favor,Yes / In Favor,06-16-2020
8,Kevin,Brosnan,"Here, with gusto!",,Yes / In Favor,Yes / In Favor,Yes / In Favor,Yes / In Favor,Yes / In Favor,Yes / In Favor,-,-,-,-,Yes / In Favor,No / Opposed,Yes / In Favor,Yes / In Favor,06-16-2020
4,Judith,Brown,Here,,Yes / In Favor,Yes / In Favor,Yes / In Favor,Yes / In Favor,Yes / In Favor,Yes / In Favor,Yes / In Favor,No / Opposed,Yes / In Favor,Yes / In Favor,Yes / In Favor,Yes / In Favor,Yes / In Favor,Yes / In Favor,06-16-2020
2,Sumner,Brown,Here,,Yes / In Favor,Yes / In Favor,-,Yes / In Favor,Yes / In Favor,Yes / In Favor,Yes / In Favor,No / Opposed,Yes / In Favor,Yes / In Favor,-,-,-,-,06-16-2020
AL,William,Brownsberger,Here,,Yes / In Favor,Yes / In Favor,Yes / In Favor,Yes / In Favor,Yes / In Favor,Yes / In Favor,No / Opposed,No / Opposed,Yes / In Favor,Yes / In Favor,Yes / In Favor,Yes / In Favor,Yes / In Favor,Yes / In Favor,06-16-2020
2,John,Buckley,Here,,Yes / In Favor,Yes / In Favor,Yes / In Favor,Yes / In Favor,Yes / In Favor,Yes / In Favor,Yes / In Favor,No / Opposed,Yes / In Favor,Yes / In Favor,Yes / In Favor,Yes / In Favor,Yes / In Favor,Yes / In Favor,06-16-2020
1,Reed,Bundy,"Here, with gusto!",,Yes / In Favor,Yes / In Favor,Yes / In Favor,Yes / In Favor,-,Yes / In Favor,Yes / In Favor,Yes / In Favor,Yes / In Favor,Yes / In Favor,Yes / In Favor,Yes / In Favor,Yes / In Favor,-,06-16-2020
8,Carolyn,Bunyon,Here,,Yes / In Favor,Yes / In Favor,Yes / In Favor,Yes / In Favor,Yes / In Favor,Yes / In Favor,Yes / In Favor,No / Opposed,Yes / In Favor,Yes / In Favor,Yes / In Favor,Yes / In Favor,Yes / In Favor,Yes / In Favor,06-16-2020
2,Susan,Burgess-Cox,"Here, with gusto!",,Yes / In Favor,Yes / In Favor,Yes / In Favor,Yes / In Favor,Yes / In Favor,Yes / In Favor,Yes / In Favor,No / Opposed,Yes / In Favor,Yes / In Favor,Yes / In Favor,Yes / In Favor,Yes / In Favor,Yes / In Favor,06-16-2020
7,Seetha,Burtner,"Here, with gusto!",,Yes / In Favor,Yes / In Favor,Yes / In Favor,Yes / In Favor,Yes / In Favor,Yes / In Favor,Yes / In Favor,Yes / In Favor,Yes / In Favor,Yes / In Favor,Yes / In Favor,Yes / In Favor,Yes / In Favor,Yes / In Favor,06-16-2020
7,Margaret,Callanan,"Here, with gusto!",,Yes / In Favor,Yes / In Favor,Yes / In Favor,Yes / In Favor,Yes / In Favor,-,Yes / In Favor,No / Opposed,Yes / In Favor,Yes / In Favor,-,Yes / In Favor,Yes / In Favor,Yes / In Favor,06-16-2020
7,"Richard
“Nick”",Candee,"Here, with gusto!",,Yes / In Favor,Yes / In Favor,Yes / In Favor,Yes / In Favor,Yes / In Favor,Yes / In Favor,Yes / In Favor,No / Opposed,Yes / In Favor,Yes / In Favor,Yes / In Favor,Yes / In Favor,Yes / In Favor,-,06-16-2020
8,Brian,Caputo,"Here, with gusto!",,Yes / In Favor,Yes / In Favor,Yes / In Favor,Yes / In Favor,Yes / In Favor,Yes / In Favor,Yes / In Favor,No / Opposed,Yes / In Favor,Yes / In Favor,Yes / In Favor,Yes / In Favor,Yes / In Favor,Yes / In Favor,06-16-2020
8,Laura,Caputo,"Here, with gusto!",,Yes / In Favor,Yes / In Favor,Yes / In Favor,Yes / In Favor,Yes / In Favor,Yes / In Favor,Yes / In Favor,No / Opposed,Yes / In Favor,Yes / In Favor,Yes / In Favor,-,-,-,06-16-2020
2,Tom,Caputo,"Here, with gusto!",,Yes / In Favor,Yes / In Favor,Yes / In Favor,Yes / In Favor,Yes / In Favor,Yes / In Favor,Yes / In Favor,No / Opposed,Yes / In Favor,Yes / In Favor,Yes / In Favor,-,-,-,06-16-2020
5,Nancy,Carlson,Here,,Yes / In Favor,Yes / In Favor,Yes / In Favor,Yes / In Favor,Yes / In Favor,Yes / In Favor,Yes / In Favor,No / Opposed,Yes / In Favor,Yes / In Favor,Yes / In Favor,Yes / In Favor,Yes / In Favor,Yes / In Favor,06-16-2020
AL,Floyd,Carman,"Here, with gusto!",,Yes / In Favor,Yes / In Favor,Yes / In Favor,Yes / In Favor,Yes / In Favor,Yes / In Favor,Yes / In Favor,No / Opposed,Yes / In Favor,Yes / In Favor,Yes / In Favor,Yes / In Favor,No / Opposed,Yes / In Favor,06-16-2020
1,Mark,Carthy,Here,,Yes / In Favor,Yes / In Favor,Yes / In Favor,No / Opposed,No / Opposed,Yes / In Favor,Yes / In Favor,No / Opposed,Yes / In Favor,Yes / In Favor,Yes / In Favor,Yes / In Favor,No / Opposed,Yes / In Favor,06-16-2020
3,David,Chase,"Here, with gusto!",,Yes / In Favor,Yes / In Favor,Yes / In Favor,Yes / In Favor,Yes / In Favor,Yes / In Favor,Yes / In Favor,Yes / In Favor,Yes / In Favor,Yes / In Favor,Yes / In Favor,Yes / In Favor,Yes / In Favor,Yes / In Favor,06-16-2020
4,william,chemelli,Here,,Yes / In Favor,Yes / In Favor,Yes / In Favor,Yes / In Favor,Yes / In Favor,Yes / In Favor,Yes / In Favor,No / Opposed,Yes / In Favor,Yes / In Favor,Yes / In Favor,Yes / In Favor,Yes / In Favor,Yes / In Favor,06-16-2020
4,MICHAEL,CHESSON,"Here, with gusto!",,Yes / In Favor,Yes / In Favor,Yes / In Favor,Yes / In Favor,Yes / In Favor,Yes / In Favor,Yes / In Favor,No / Opposed,Yes / In Favor,Yes / In Favor,Yes / In Favor,Yes / In Favor,No / Opposed,Yes / In Favor,06-16-2020
4,Charles,Clark,Here,,Yes / In Favor,Yes / In Favor,Yes / In Favor,-,-,-,-,-,-,-,Yes / In Favor,Yes / In Favor,-,-,06-16-2020
5,JOANNE,COAKLEY,"Here, with gusto!",,Yes / In Favor,Yes / In Favor,Yes / In Favor,Yes / In Favor,Yes / In Favor,Yes / In Favor,Yes / In Favor,No / Opposed,Yes / In Favor,Yes / In Favor,Yes / In Favor,Yes / In Favor,Yes / In Favor,Yes / In Favor,06-16-2020
5,David,Coleman,"Here, with gusto!",,Yes / In Favor,Yes / In Favor,Yes / In Favor,Yes / In Favor,Yes / In Favor,Yes / In Favor,Yes / In Favor,Yes / In Favor,Yes / In Favor,Yes / In Favor,-,-,-,-,06-16-2020
6,roger,colton,"Here, with gusto!",,Yes / In Favor,Yes / In Favor,Yes / In Favor,Yes / In Favor,Yes / In Favor,Yes / In Favor,Yes / In Favor,No / Opposed,Yes / In Favor,Yes / In Favor,Yes / In Favor,Yes / In Favor,Yes / In Favor,Yes / In Favor,06-16-2020
2,Alex,Corbett,"Here, with gusto!",,Yes / In Favor,Yes / In Favor,Yes / In Favor,Yes / In Favor,Yes / In Favor,Yes / In Favor,Yes / In Favor,No / Opposed,Yes / In Favor,Yes / In Favor,Yes / In Favor,Yes / In Favor,Yes / In Favor,Yes / In Favor,06-16-2020
8,Julia,Corbett,"Here, with gusto!",,Yes / In Favor,Yes / In Favor,Yes / In Favor,No / Opposed,Yes / In Favor,Yes / In Favor,Yes / In Favor,No / Opposed,Yes / In Favor,Yes / In Favor,Yes / In Favor,Yes / In Favor,Yes / In Favor,Yes / In Favor,06-16-2020
8,Kathleen,Cowing,Here,,Yes / In Favor,Yes / In Favor,Yes / In Favor,Yes / In Favor,Yes / In Favor,Yes / In Favor,Yes / In Favor,No / Opposed,Yes / In Favor,Yes / In Favor,-,-,-,-,06-16-2020
7,Clare,Crawford,Here,,Yes / In Favor,Yes / In Favor,Yes / In Favor,Yes / In Favor,Yes / In Favor,Yes / In Favor,Yes / In Favor,No / Opposed,Yes / In Favor,Yes / In Favor,Yes / In Favor,Yes / In Favor,Yes / In Favor,Yes / In Favor,06-16-2020
3,Stephanie,Crement,"Here, with gusto!",,Yes / In Favor,Yes / In Favor,Yes / In Favor,Yes / In Favor,Yes / In Favor,Yes / In Favor,Yes / In Favor,Yes / In Favor,Yes / In Favor,Yes / In Favor,Yes / In Favor,Yes / In Favor,Yes / In Favor,Yes / In Favor,06-16-2020
5,Julie,Crockett,Here,,Yes / In Favor,Yes / In Favor,Yes / In Favor,Yes / In Favor,Yes / In Favor,Yes / In Favor,No / Opposed,Yes / In Favor,No / Opposed,Yes / In Favor,Yes / In Favor,Yes / In Favor,Yes / In Favor,Yes / In Favor,06-16-2020
8,Michael,Crowley,Here,,Yes / In Favor,Yes / In Favor,Yes / In Favor,Yes / In Favor,Yes / In Favor,Yes / In Favor,No / Opposed,Yes / In Favor,Yes / In Favor,No / Opposed,Yes / In Favor,Yes / In Favor,Yes / In Favor,Yes / In Favor,06-16-2020
4,Kevin,Cunningham,Here,,Yes / In Favor,-,Yes / In Favor,Yes / In Favor,Yes / In Favor,Yes / In Favor,Yes / In Favor,No / Opposed,Yes / In Favor,Yes / In Favor,-,-,-,-,06-16-2020
AL,Ellen,Cushman,Barely here...,,Yes / In Favor,Yes / In Favor,Yes / In Favor,Yes / In Favor,Yes / In Favor,Yes / In Favor,Abstain,Abstain,Yes / In Favor,Yes / In Favor,-,-,-,-,06-16-2020
AL,Adam,Dash,"Here, with gusto!",,Yes / In Favor,Yes / In Favor,Yes / In Favor,Yes / In Favor,Yes / In Favor,Yes / In Favor,Yes / In Favor,No / Opposed,Yes / In Favor,Yes / In Favor,Yes / In Favor,Yes / In Favor,Yes / In Favor,Yes / In Favor,06-16-2020
4,Debra,Deutsch,"Here, with gusto!",,Yes / In Favor,Yes / In Favor,Yes / In Favor,Yes / In Favor,Yes / In Favor,Yes / In Favor,No / Opposed,No / Opposed,Yes / In Favor,Yes / In Favor,Yes / In Favor,Yes / In Favor,Yes / In Favor,Yes / In Favor,06-16-2020
3,John,Dieckmann,"Here, with gusto!",,Yes / In Favor,Yes / In Favor,Yes / In Favor,Yes / In Favor,Yes / In Favor,Yes / In Favor,Yes / In Favor,No / Opposed,Yes / In Favor,Yes / In Favor,Yes / In Favor,Yes / In Favor,Yes / In Favor,Yes / In Favor,06-16-2020
2,Elizabeth,Dionne,"Here, with gusto!",,Yes / In Favor,Yes / In Favor,Yes / In Favor,Yes / In Favor,Yes / In Favor,Yes / In Favor,Yes / In Favor,No / Opposed,Yes / In Favor,Yes / In Favor,Yes / In Favor,Yes / In Favor,Yes / In Favor,Yes / In Favor,06-16-2020
7,Nan,Donald,"Here, with gusto!",,Yes / In Favor,Yes / In Favor,Yes / In Favor,Yes / In Favor,Yes / In Favor,Yes / In Favor,Yes / In Favor,No / Opposed,Yes / In Favor,Yes / In Favor,Yes / In Favor,Yes / In Favor,Yes / In Favor,Abstain,06-16-2020
5,Thayer,Donham,"Here, with gusto!",,Yes / In Favor,Yes / In Favor,Yes / In Favor,Yes / In Favor,Yes / In Favor,Yes / In Favor,Yes / In Favor,No / Opposed,Yes / In Favor,Yes / In Favor,Yes / In Favor,Yes / In Favor,Yes / In Favor,Yes / In Favor,06-16-2020
6,Tara,Donner,"Here, with gusto!",,Yes / In Favor,Yes / In Favor,Yes / In Favor,Yes / In Favor,Yes / In Favor,Yes / In Favor,No / Opposed,Yes / In Favor,Yes / In Favor,Yes / In Favor,Yes / In Favor,Yes / In Favor,Yes / In Favor,Yes / In Favor,06-16-2020
1,Christine,Doyle,Here,,Yes / In Favor,Yes / In Favor,Yes / In Favor,Yes / In Favor,Yes / In Favor,Yes / In Favor,Yes / In Favor,No / Opposed,Yes / In Favor,Yes / In Favor,Yes / In Favor,Yes / In Favor,Yes / In Favor,Yes / In Favor,06-16-2020
7,Joan,Drevins,"Here, with gusto!",,Yes / In Favor,Yes / In Favor,Yes / In Favor,Yes / In Favor,Yes / In Favor,Yes / In Favor,Yes / In Favor,No / Opposed,Yes / In Favor,Yes / In Favor,Yes / In Favor,No / Opposed,Yes / In Favor,Yes / In Favor,06-16-2020
6,Theodore,Dukas,Here,,Yes / In Favor,Yes / In Favor,Yes / In Favor,-,Yes / In Favor,Yes / In Favor,Yes / In Favor,No / Opposed,Yes / In Favor,Yes / In Favor,Yes / In Favor,Yes / In Favor,Yes / In Favor,Yes / In Favor,06-16-2020
5,Janice,Ellard,Here,,Yes / In Favor,Yes / In Favor,Yes / In Favor,Yes / In Favor,Yes / In Favor,Yes / In Favor,No / Opposed,Yes / In Favor,Yes / In Favor,Yes / In Favor,Yes / In Favor,Yes / In Favor,Yes / In Favor,Yes / In Favor,06-16-2020
6,Roy,Epstein,"Here, with gusto!",,Yes / In Favor,Yes / In Favor,Yes / In Favor,Yes / In Favor,Yes / In Favor,Yes / In Favor,Yes / In Favor,No / Opposed,Yes / In Favor,Yes / In Favor,Yes / In Favor,Yes / In Favor,Yes / In Favor,Yes / In Favor,06-16-2020
6,Stephen,Evans,Here,,Yes / In Favor,Yes / In Favor,Yes / In Favor,Yes / In Favor,Yes / In Favor,Yes / In Favor,Yes / In Favor,Yes / In Favor,Yes / In Favor,Yes / In Favor,Yes / In Favor,Yes / In Favor,Yes / In Favor,Yes / In Favor,06-16-2020
6,Judith,Feinleib,"Here, with gusto!",,Yes / In Favor,Yes / In Favor,Yes / In Favor,Yes / In Favor,Yes / In Favor,Yes / In Favor,Yes / In Favor,No / Opposed,Yes / In Favor,Yes / In Favor,Yes / In Favor,Yes / In Favor,Yes / In Favor,Yes / In Favor,06-16-2020
5,Judith,Feins,Here,,Yes / In Favor,Yes / In Favor,Yes / In Favor,Yes / In Favor,Yes / In Favor,Yes / In Favor,Yes / In Favor,No / Opposed,Yes / In Favor,Yes / In Favor,-,-,-,-,06-16-2020
8,Anthony,Ferrante,"Here, with gusto!",,Yes / In Favor,Yes / In Favor,Yes / In Favor,Yes / In Favor,Yes / In Favor,Yes / In Favor,Yes / In Favor,No / Opposed,Yes / In Favor,Yes / In Favor,Yes / In Favor,Yes / In Favor,Yes / In Favor,Yes / In Favor,06-16-2020
5,Howard,Fine,Here,,Yes / In Favor,Yes / In Favor,Yes / In Favor,No / Opposed,Yes / In Favor,Yes / In Favor,Yes / In Favor,No / Opposed,Yes / In Favor,Yes / In Favor,Yes / In Favor,Yes / In Favor,-,Yes / In Favor,06-16-2020
4,David,Flewelling,Here,,Yes / In Favor,Yes / In Favor,Yes / In Favor,Yes / In Favor,Yes / In Favor,Yes / In Favor,Yes / In Favor,No / Opposed,Yes / In Favor,Yes / In Favor,Yes / In Favor,Yes / In Favor,Yes / In Favor,Yes / In Favor,06-16-2020
4,Sheila,Flewelling,Here,,Yes / In Favor,Yes / In Favor,Yes / In Favor,Yes / In Favor,Yes / In Favor,Yes / In Favor,Yes / In Favor,No / Opposed,Yes / In Favor,Yes / In Favor,Yes / In Favor,Yes / In Favor,Yes / In Favor,Yes / In Favor,06-16-2020
5,Timothy,Flood,Here,,Yes / In Favor,Yes / In Favor,Yes / In Favor,No / Opposed,No / Opposed,Yes / In Favor,No / Opposed,Yes / In Favor,No / Opposed,No / Opposed,Yes / In Favor,Yes / In Favor,Yes / In Favor,Yes / In Favor,06-16-2020
3,Bonnie,Friedman,"Here, with gusto!",,Yes / In Favor,Yes / In Favor,Yes / In Favor,Yes / In Favor,Yes / In Favor,Yes / In Favor,No / Opposed,Yes / In Favor,No / Opposed,Yes / In Favor,Yes / In Favor,Yes / In Favor,No / Opposed,Yes / In Favor,06-16-2020
2,James,Gammill,Here,,Yes / In Favor,Yes / In Favor,Yes / In Favor,Yes / In Favor,Yes / In Favor,Yes / In Favor,Yes / In Favor,No / Opposed,Yes / In Favor,Yes / In Favor,Yes / In Favor,Yes / In Favor,Yes / In Favor,Yes / In Favor,06-16-2020
5,Matt,Garver,Here,,Yes / In Favor,Yes / In Favor,Yes / In Favor,Yes / In Favor,Yes / In Favor,Yes / In Favor,Yes / In Favor,Yes / In Favor,No / Opposed,-,Yes / In Favor,Yes / In Favor,Yes / In Favor,Yes / In Favor,06-16-2020
4,Lucia,Gates,"Here, with gusto!",,Yes / In Favor,Yes / In Favor,Yes / In Favor,Yes / In Favor,Yes / In Favor,Yes / In Favor,Yes / In Favor,Yes / In Favor,Yes / In Favor,Yes / In Favor,Yes / In Favor,Yes / In Favor,Yes / In Favor,Yes / In Favor,06-16-2020
1,Mary,Gavin,Here,,Yes / In Favor,Yes / In Favor,Yes / In Favor,Yes / In Favor,Yes / In Favor,Yes / In Favor,Yes / In Favor,No / Opposed,Yes / In Favor,Yes / In Favor,Yes / In Favor,Yes / In Favor,Yes / In Favor,Yes / In Favor,06-16-2020
7,Benjamin,Geiger,Here,,Yes / In Favor,Yes / In Favor,Yes / In Favor,Yes / In Favor,Yes / In Favor,Yes / In Favor,Yes / In Favor,No / Opposed,-,-,Yes / In Favor,Yes / In Favor,Yes / In Favor,Yes / In Favor,06-16-2020
2,Ronald,Geiger,Here,,Yes / In Favor,Yes / In Favor,-,Yes / In Favor,Yes / In Favor,Yes / In Favor,Yes / In Favor,No / Opposed,Yes / In Favor,Yes / In Favor,Yes / In Favor,Yes / In Favor,Yes / In Favor,Yes / In Favor,06-16-2020
4,Lisa,Gibalerio,Here,,Yes / In Favor,Yes / In Favor,Yes / In Favor,Yes / In Favor,Yes / In Favor,Yes / In Favor,Yes / In Favor,No / Opposed,Yes / In Favor,Yes / In Favor,-,Yes / In Favor,Yes / In Favor,Yes / In Favor,06-16-2020
6,Elizabeth,Gibson,Here,,Yes / In Favor,Yes / In Favor,Yes / In Favor,Yes / In Favor,Yes / In Favor,Yes / In Favor,No / Opposed,Yes / In Favor,No / Opposed,Yes / In Favor,Yes / In Favor,Yes / In Favor,Yes / In Favor,Yes / In Favor,06-16-2020
3,Shaun,Goho,Here,,Yes / In Favor,Yes / In Favor,Yes / In Favor,Yes / In Favor,Yes / In Favor,Yes / In Favor,No / Opposed,Yes / In Favor,Yes / In Favor,Yes / In Favor,Yes / In Favor,Yes / In Favor,Yes / In Favor,Yes / In Favor,06-16-2020
1,Helen,Golding,Barely here...,,Yes / In Favor,Yes / In Favor,Yes / In Favor,Yes / In Favor,Yes / In Favor,Yes / In Favor,Yes / In Favor,No / Opposed,Yes / In Favor,Yes / In Favor,Yes / In Favor,Yes / In Favor,Yes / In Favor,Yes / In Favor,06-16-2020
3,Ariane,"Goodman-
Belkadi",Here,,Yes / In Favor,Yes / In Favor,Yes / In Favor,Abstain,Abstain,Yes / In Favor,Yes / In Favor,No / Opposed,Yes / In Favor,Yes / In Favor,Yes / In Favor,Yes / In Favor,Yes / In Favor,Yes / In Favor,06-16-2020
1,Gail,Gorman,Barely here...,,Yes / In Favor,-,Yes / In Favor,Yes / In Favor,Yes / In Favor,Yes / In Favor,Yes / In Favor,Yes / In Favor,Yes / In Favor,No / Opposed,Yes / In Favor,Yes / In Favor,Yes / In Favor,Yes / In Favor,06-16-2020
7,Elizabeth,Goss,Here,,Yes / In Favor,Yes / In Favor,Yes / In Favor,Yes / In Favor,Yes / In Favor,Yes / In Favor,Yes / In Favor,No / Opposed,Yes / In Favor,Yes / In Favor,Yes / In Favor,Yes / In Favor,Yes / In Favor,Yes / In Favor,06-16-2020
6,Laurie,Graham,"Here, with gusto!",,Yes / In Favor,Yes / In Favor,Yes / In Favor,Yes / In Favor,Yes / In Favor,Yes / In Favor,Yes / In Favor,Yes / In Favor,Yes / In Favor,Yes / In Favor,Yes / In Favor,Yes / In Favor,Yes / In Favor,Yes / In Favor,06-16-2020
1,Daniel,Halston,Here,,Yes / In Favor,Yes / In Favor,Yes / In Favor,Yes / In Favor,Yes / In Favor,Yes / In Favor,Yes / In Favor,No / Opposed,Yes / In Favor,Yes / In Favor,Yes / In Favor,Yes / In Favor,Yes / In Favor,Yes / In Favor,06-16-2020
3,Richard,Hartley,Here,,Yes / In Favor,Yes / In Favor,Yes / In Favor,Yes / In Favor,Yes / In Favor,Yes / In Favor,Yes / In Favor,No / Opposed,-,-,Yes / In Favor,-,Yes / In Favor,Yes / In Favor,06-16-2020
1,Jocelyn,Hayes,Here,,Yes / In Favor,Yes / In Favor,Yes / In Favor,Yes / In Favor,Yes / In Favor,Yes / In Favor,Yes / In Favor,Yes / In Favor,Yes / In Favor,Yes / In Favor,Yes / In Favor,Yes / In Favor,Yes / In Favor,Yes / In Favor,06-16-2020
2,Anne,Helgen,-,,Yes / In Favor,Yes / In Favor,Yes / In Favor,Yes / In Favor,Yes / In Favor,Yes / In Favor,No / Opposed,No / Opposed,Yes / In Favor,Yes / In Favor,Yes / In Favor,Yes / In Favor,Yes / In Favor,Yes / In Favor,06-16-2020
2,KAREN,HEROSIAN,Here,,Yes / In Favor,Yes / In Favor,Yes / In Favor,Yes / In Favor,Yes / In Favor,Yes / In Favor,Yes / In Favor,No / Opposed,Yes / In Favor,Yes / In Favor,Yes / In Favor,Yes / In Favor,Yes / In Favor,Yes / In Favor,06-16-2020
3,James,Herron,Here,,Yes / In Favor,Yes / In Favor,Yes / In Favor,Yes / In Favor,Yes / In Favor,Yes / In Favor,Yes / In Favor,Yes / In Favor,-,Yes / In Favor,-,-,-,-,06-16-2020
2,Kelly,Higgins,Here,,Yes / In Favor,Yes / In Favor,Yes / In Favor,Yes / In Favor,Yes / In Favor,Yes / In Favor,Yes / In Favor,No / Opposed,Yes / In Favor,Yes / In Favor,Yes / In Favor,Yes / In Favor,Yes / In Favor,Yes / In Favor,06-16-2020
7,Laura,Hill,Here,,Yes / In Favor,Yes / In Favor,Yes / In Favor,Yes / In Favor,Yes / In Favor,Yes / In Favor,Yes / In Favor,No / Opposed,Yes / In Favor,Yes / In Favor,Yes / In Favor,Yes / In Favor,Yes / In Favor,Yes / In Favor,06-16-2020
4,jirair,hovsepian,-,,Yes / In Favor,Yes / In Favor,Yes / In Favor,Yes / In Favor,Yes / In Favor,Yes / In Favor,Yes / In Favor,No / Opposed,Yes / In Favor,Yes / In Favor,Yes / In Favor,Yes / In Favor,No / Opposed,Yes / In Favor,06-16-2020
2,David,Hurley,Here,,Yes / In Favor,Yes / In Favor,Yes / In Favor,Yes / In Favor,Yes / In Favor,Yes / In Favor,Yes / In Favor,No / Opposed,Yes / In Favor,Yes / In Favor,Yes / In Favor,Yes / In Favor,Yes / In Favor,Yes / In Favor,06-16-2020
7,Robert,Imberman,"Here, with gusto!",,Yes / In Favor,Yes / In Favor,Yes / In Favor,Yes / In Favor,Yes / In Favor,Yes / In Favor,Yes / In Favor,Yes / In Favor,Yes / In Favor,Yes / In Favor,Yes / In Favor,Yes / In Favor,Yes / In Favor,Yes / In Favor,06-16-2020
8,Melissa,Irion,Here,,Yes / In Favor,Yes / In Favor,Yes / In Favor,Yes / In Favor,Yes / In Favor,Yes / In Favor,Yes / In Favor,Yes / In Favor,Yes / In Favor,Yes / In Favor,Yes / In Favor,Yes / In Favor,Yes / In Favor,Yes / In Favor,06-16-2020
3,VERA L,ISKANDARIAN,-,,Yes / In Favor,Yes / In Favor,Yes / In Favor,Yes / In Favor,Yes / In Favor,Yes / In Favor,Yes / In Favor,Yes / In Favor,Yes / In Favor,Yes / In Favor,Yes / In Favor,Yes / In Favor,Yes / In Favor,Yes / In Favor,06-16-2020
3,Ann,Jansen,"Here, with gusto!",,Yes / In Favor,Yes / In Favor,Yes / In Favor,Yes / In Favor,Yes / In Favor,Yes / In Favor,Yes / In Favor,No / Opposed,Yes / In Favor,Yes / In Favor,Yes / In Favor,Yes / In Favor,Yes / In Favor,Yes / In Favor,06-16-2020
3,Juliet,Jenkins,Here,,Yes / In Favor,Yes / In Favor,Yes / In Favor,Yes / In Favor,Yes / In Favor,Yes / In Favor,Abstain,Yes / In Favor,Yes / In Favor,Yes / In Favor,Yes / In Favor,Yes / In Favor,Yes / In Favor,Yes / In Favor,06-16-2020
6,Suzanne,Johannet,"Here, with gusto!",,Yes / In Favor,Yes / In Favor,Yes / In Favor,Yes / In Favor,Yes / In Favor,Yes / In Favor,Yes / In Favor,No / Opposed,Yes / In Favor,Yes / In Favor,Yes / In Favor,Yes / In Favor,No / Opposed,Yes / In Favor,06-16-2020
5,Raymond,Johnson,"Here, with gusto!",,Yes / In Favor,Yes / In Favor,Yes / In Favor,No / Opposed,No / Opposed,Yes / In Favor,Yes / In Favor,No / Opposed,Yes / In Favor,Yes / In Favor,Yes / In Favor,Yes / In Favor,Yes / In Favor,Yes / In Favor,06-16-2020
6,Virginia,Jordan,Here,,Yes / In Favor,Yes / In Favor,Yes / In Favor,Yes / In Favor,Yes / In Favor,Yes / In Favor,Yes / In Favor,Yes / In Favor,Yes / In Favor,Yes / In Favor,Yes / In Favor,Yes / In Favor,Yes / In Favor,Yes / In Favor,06-16-2020
5,Myron,Kassaraba,"Here, with gusto!",,Yes / In Favor,Yes / In Favor,Yes / In Favor,Yes / In Favor,Yes / In Favor,Yes / In Favor,Yes / In Favor,No / Opposed,Yes / In Favor,Yes / In Favor,Yes / In Favor,Yes / In Favor,Yes / In Favor,Yes / In Favor,06-16-2020
6,Mary Ann,Kazanjian,Here,,Yes / In Favor,Yes / In Favor,Yes / In Favor,No / Opposed,No / Opposed,Yes / In Favor,Yes / In Favor,Yes / In Favor,Yes / In Favor,Yes / In Favor,Yes / In Favor,Yes / In Favor,Yes / In Favor,Yes / In Favor,06-16-2020
7,Patricia,Kelley,Here,,Yes / In Favor,Yes / In Favor,Yes / In Favor,Yes / In Favor,Yes / In Favor,Yes / In Favor,Yes / In Favor,No / Opposed,Yes / In Favor,Yes / In Favor,Yes / In Favor,Yes / In Favor,Yes / In Favor,Yes / In Favor,06-16-2020
3,Mary,Kennedy,Here,,Yes / In Favor,Yes / In Favor,Yes / In Favor,Yes / In Favor,Yes / In Favor,Yes / In Favor,Yes / In Favor,No / Opposed,-,-,-,-,-,-,06-16-2020
3,ROBERT,KENNEDY,Here,,Yes / In Favor,Yes / In Favor,Yes / In Favor,Yes / In Favor,Yes / In Favor,Yes / In Favor,Yes / In Favor,No / Opposed,-,-,-,-,-,-,06-16-2020
6,Julie,Kirrane,Here,,Yes / In Favor,Yes / In Favor,Yes / In Favor,Yes / In Favor,Yes / In Favor,Yes / In Favor,Yes / In Favor,No / Opposed,Yes / In Favor,Yes / In Favor,Yes / In Favor,No / Opposed,Yes / In Favor,Yes / In Favor,06-16-2020
6,Stephen,Klionsky,Here,,Yes / In Favor,Yes / In Favor,Yes / In Favor,Yes / In Favor,Yes / In Favor,Yes / In Favor,Yes / In Favor,No / Opposed,Abstain,Yes / In Favor,Yes / In Favor,Yes / In Favor,Yes / In Favor,Yes / In Favor,06-16-2020
8,Christine,Kochem,"Here, with gusto!",,Yes / In Favor,Yes / In Favor,Yes / In Favor,Yes / In Favor,Yes / In Favor,Yes / In Favor,Yes / In Favor,No / Opposed,Yes / In Favor,Yes / In Favor,Yes / In Favor,Yes / In Favor,Yes / In Favor,Yes / In Favor,06-16-2020
8,Robert,Kochem,"Here, with gusto!",,Yes / In Favor,Yes / In Favor,Yes / In Favor,Yes / In Favor,Yes / In Favor,Yes / In Favor,Yes / In Favor,No / Opposed,Yes / In Favor,Yes / In Favor,Yes / In Favor,Yes / In Favor,No / Opposed,Yes / In Favor,06-16-2020
7,Natalie,Kostich,"Here, with gusto!",,Yes / In Favor,Yes / In Favor,Yes / In Favor,Yes / In Favor,Yes / In Favor,Yes / In Favor,Yes / In Favor,No / Opposed,Yes / In Favor,Yes / In Favor,Yes / In Favor,Yes / In Favor,Yes / In Favor,Yes / In Favor,06-16-2020
7,Jennifer,Kundrot,Here,,Yes / In Favor,Yes / In Favor,Yes / In Favor,Yes / In Favor,Yes / In Favor,Yes / In Favor,No / Opposed,No / Opposed,No / Opposed,Yes / In Favor,Yes / In Favor,Yes / In Favor,Yes / In Favor,Yes / In Favor,06-16-2020
8,Anne-Marie,Lambert,"Here, with gusto!",,Yes / In Favor,Yes / In Favor,Yes / In Favor,Yes / In Favor,Yes / In Favor,Yes / In Favor,Yes / In Favor,No / Opposed,Yes / In Favor,Yes / In Favor,Yes / In Favor,Yes / In Favor,Yes / In Favor,Yes / In Favor,06-16-2020
8,Shilpa,Lawande,"Here, with gusto!",,Yes / In Favor,Yes / In Favor,Yes / In Favor,Yes / In Favor,Yes / In Favor,Yes / In Favor,No / Opposed,Yes / In Favor,Yes / In Favor,Yes / In Favor,Yes / In Favor,Yes / In Favor,No / Opposed,Yes / In Favor,06-16-2020
8,Natalie,Leino,"Here, with gusto!",,Yes / In Favor,Yes / In Favor,Yes / In Favor,Yes / In Favor,Yes / In Favor,Yes / In Favor,No / Opposed,Yes / In Favor,Yes / In Favor,Yes / In Favor,Yes / In Favor,Yes / In Favor,Yes / In Favor,Yes / In Favor,06-16-2020
3,Sarah,Lemieux,Here,,Yes / In Favor,Yes / In Favor,Yes / In Favor,Yes / In Favor,Yes / In Favor,Yes / In Favor,Yes / In Favor,Yes / In Favor,Yes / In Favor,Yes / In Favor,Yes / In Favor,Yes / In Favor,Yes / In Favor,Yes / In Favor,06-16-2020
2,Linda,Levin-Scherz,"Here, with gusto!",,Yes / In Favor,Yes / In Favor,Yes / In Favor,Yes / In Favor,Yes / In Favor,Yes / In Favor,Yes / In Favor,No / Opposed,Yes / In Favor,Yes / In Favor,Yes / In Favor,Yes / In Favor,Yes / In Favor,Yes / In Favor,06-16-2020
7,Ellen,Lewis,Here,,Yes / In Favor,Yes / In Favor,Yes / In Favor,Yes / In Favor,Yes / In Favor,Yes / In Favor,Yes / In Favor,Yes / In Favor,Yes / In Favor,Yes / In Favor,Yes / In Favor,-,No / Opposed,Yes / In Favor,06-16-2020
7,Hannah,Liberty,Barely here...,,Yes / In Favor,Yes / In Favor,Yes / In Favor,Yes / In Favor,Yes / In Favor,Yes / In Favor,Yes / In Favor,Yes / In Favor,Yes / In Favor,Yes / In Favor,Yes / In Favor,Yes / In Favor,Yes / In Favor,Yes / In Favor,06-16-2020
6,Priya,Licht,Here,,Yes / In Favor,Yes / In Favor,Yes / In Favor,Yes / In Favor,Yes / In Favor,Yes / In Favor,Yes / In Favor,No / Opposed,Yes / In Favor,Yes / In Favor,Yes / In Favor,Yes / In Favor,Yes / In Favor,Yes / In Favor,06-16-2020
1,Alina,Lisanke,Here,,Yes / In Favor,Yes / In Favor,Yes / In Favor,Yes / In Favor,-,Yes / In Favor,Yes / In Favor,No / Opposed,Yes / In Favor,Yes / In Favor,Yes / In Favor,Yes / In Favor,Yes / In Favor,Yes / In Favor,06-16-2020
7,Deborah,Lockett,"Here, with gusto!",,Yes / In Favor,Yes / In Favor,Yes / In Favor,Yes / In Favor,Abstain,Yes / In Favor,Yes / In Favor,Yes / In Favor,Yes / In Favor,Yes / In Favor,Yes / In Favor,Yes / In Favor,Yes / In Favor,Yes / In Favor,06-16-2020
7,Geoffrey,Lubien,"Here, with gusto!",,Yes / In Favor,Yes / In Favor,Yes / In Favor,Yes / In Favor,Yes / In Favor,Yes / In Favor,No / Opposed,No / Opposed,Yes / In Favor,Yes / In Favor,Yes / In Favor,No / Opposed,Yes / In Favor,Yes / In Favor,06-16-2020
8,Melissa,MacIntyre,Barely here...,,Yes / In Favor,Yes / In Favor,Yes / In Favor,Yes / In Favor,Yes / In Favor,Yes / In Favor,No / Opposed,Yes / In Favor,Yes / In Favor,No / Opposed,Yes / In Favor,Yes / In Favor,Yes / In Favor,Yes / In Favor,06-16-2020
2,Peter,Magni,-,,Yes / In Favor,Yes / In Favor,Yes / In Favor,Yes / In Favor,Yes / In Favor,Yes / In Favor,Yes / In Favor,No / Opposed,Yes / In Favor,Yes / In Favor,Yes / In Favor,Yes / In Favor,Yes / In Favor,Yes / In Favor,06-16-2020
1,Anne Marie,Mahoney,"Here, with gusto!",,Yes / In Favor,Yes / In Favor,Yes / In Favor,Yes / In Favor,Yes / In Favor,Yes / In Favor,Yes / In Favor,No / Opposed,Yes / In Favor,Yes / In Favor,Yes / In Favor,Yes / In Favor,Yes / In Favor,Yes / In Favor,06-16-2020
4,Alon,Manela,"Here, with gusto!",,Yes / In Favor,Yes / In Favor,Yes / In Favor,Yes / In Favor,Yes / In Favor,Yes / In Favor,Abstain,Yes / In Favor,No / Opposed,No / Opposed,Yes / In Favor,Yes / In Favor,Yes / In Favor,Yes / In Favor,06-16-2020
6,Gail,Mann,Here,,Yes / In Favor,Yes / In Favor,Yes / In Favor,Yes / In Favor,Yes / In Favor,Yes / In Favor,Yes / In Favor,No / Opposed,Yes / In Favor,Yes / In Favor,Yes / In Favor,Yes / In Favor,Yes / In Favor,Yes / In Favor,06-16-2020
1,ROBERT,MCGAW,"Here, with gusto!",,Yes / In Favor,Yes / In Favor,Yes / In Favor,Yes / In Favor,Yes / In Favor,Yes / In Favor,No / Opposed,Yes / In Favor,Yes / In Favor,Yes / In Favor,Yes / In Favor,Yes / In Favor,Yes / In Favor,Yes / In Favor,06-16-2020
2,Robert,McLaughlin,Here,,Yes / In Favor,Yes / In Favor,Yes / In Favor,Yes / In Favor,Yes / In Favor,Yes / In Favor,Yes / In Favor,No / Opposed,Yes / In Favor,Yes / In Favor,Yes / In Favor,Yes / In Favor,Yes / In Favor,Yes / In Favor,06-16-2020
7,Michael,McNamara,"Here, with gusto!",,Yes / In Favor,Yes / In Favor,Yes / In Favor,Yes / In Favor,Yes / In Favor,Yes / In Favor,Yes / In Favor,No / Opposed,Yes / In Favor,Yes / In Favor,Yes / In Favor,Yes / In Favor,Yes / In Favor,Yes / In Favor,06-16-2020
6,Lauren,Meier,Here,,Yes / In Favor,Yes / In Favor,Yes / In Favor,Yes / In Favor,Yes / In Favor,Yes / In Favor,Yes / In Favor,Yes / In Favor,Yes / In Favor,Yes / In Favor,Yes / In Favor,Yes / In Favor,Yes / In Favor,Yes / In Favor,06-16-2020
8,donald,mercier,Here,,Yes / In Favor,-,Yes / In Favor,No / Opposed,-,-,-,-,Yes / In Favor,-,Yes / In Favor,Yes / In Favor,Yes / In Favor,Yes / In Favor,06-16-2020
7,Benjamin,Meshoulam,"Here, with gusto!",,Yes / In Favor,Yes / In Favor,Yes / In Favor,Yes / In Favor,Yes / In Favor,Yes / In Favor,Yes / In Favor,Yes / In Favor,Yes / In Favor,Yes / In Favor,Yes / In Favor,Yes / In Favor,Yes / In Favor,Yes / In Favor,06-16-2020
4,William,Messenger,Here,,Yes / In Favor,Yes / In Favor,-,-,-,-,-,-,-,-,Yes / In Favor,Yes / In Favor,Yes / In Favor,-,06-16-2020
1,Jeffrey,Miller,Here,,Yes / In Favor,Yes / In Favor,Yes / In Favor,Yes / In Favor,Yes / In Favor,Yes / In Favor,Yes / In Favor,Yes / In Favor,-,-,-,-,-,-,06-16-2020
7,Glen,Mohr,Here,,Yes / In Favor,Yes / In Favor,Yes / In Favor,Yes / In Favor,Yes / In Favor,Yes / In Favor,Yes / In Favor,No / Opposed,Yes / In Favor,Yes / In Favor,Yes / In Favor,Yes / In Favor,Yes / In Favor,Yes / In Favor,06-16-2020
6,Jeanne,Mooney,"Here, with gusto!",,Yes / In Favor,Yes / In Favor,Yes / In Favor,Yes / In Favor,Yes / In Favor,Yes / In Favor,Yes / In Favor,No / Opposed,Yes / In Favor,Yes / In Favor,Yes / In Favor,Yes / In Favor,Yes / In Favor,Yes / In Favor,06-16-2020
3,Martha,Moore,-,,Yes / In Favor,Yes / In Favor,-,Yes / In Favor,Yes / In Favor,Yes / In Favor,Yes / In Favor,No / Opposed,Yes / In Favor,Yes / In Favor,Yes / In Favor,Yes / In Favor,Yes / In Favor,Yes / In Favor,06-16-2020
2,Meghan,Moriarty,Here,,Yes / In Favor,Yes / In Favor,Yes / In Favor,Yes / In Favor,Yes / In Favor,Yes / In Favor,Yes / In Favor,No / Opposed,Yes / In Favor,Yes / In Favor,-,Yes / In Favor,Yes / In Favor,Yes / In Favor,06-16-2020
8,Patrick,"Murphy, IV",Here,,Yes / In Favor,Yes / In Favor,Yes / In Favor,Yes / In Favor,Yes / In Favor,-,Yes / In Favor,No / Opposed,Yes / In Favor,Yes / In Favor,Yes / In Favor,Yes / In Favor,Yes / In Favor,Yes / In Favor,06-16-2020
1,Holly,Muson,Here,,Yes / In Favor,Yes / In Favor,Yes / In Favor,Yes / In Favor,Yes / In Favor,Yes / In Favor,Yes / In Favor,No / Opposed,Yes / In Favor,Yes / In Favor,Yes / In Favor,Yes / In Favor,Yes / In Favor,Yes / In Favor,06-16-2020
7,Paul,Nelson,Here,,Yes / In Favor,Yes / In Favor,Yes / In Favor,Yes / In Favor,Yes / In Favor,Yes / In Favor,Yes / In Favor,No / Opposed,Yes / In Favor,Yes / In Favor,Yes / In Favor,Yes / In Favor,Yes / In Favor,Yes / In Favor,06-16-2020
2,Daniel,Nolan,"Here, with gusto!",,Yes / In Favor,Yes / In Favor,Yes / In Favor,Yes / In Favor,Yes / In Favor,Yes / In Favor,Yes / In Favor,Yes / In Favor,Yes / In Favor,Yes / In Favor,Yes / In Favor,Yes / In Favor,Yes / In Favor,Yes / In Favor,06-16-2020
3,Jill,Norton,"Here, with gusto!",,Yes / In Favor,Yes / In Favor,Yes / In Favor,Yes / In Favor,Yes / In Favor,Yes / In Favor,Yes / In Favor,Yes / In Favor,Yes / In Favor,Yes / In Favor,-,-,-,-,06-16-2020
8,Dave,Nuscher,Here,,Yes / In Favor,Yes / In Favor,Yes / In Favor,Yes / In Favor,Yes / In Favor,Yes / In Favor,Yes / In Favor,No / Opposed,Yes / In Favor,Yes / In Favor,Yes / In Favor,Yes / In Favor,Yes / In Favor,Yes / In Favor,06-16-2020
4,John,O Connor,"Here, with gusto!",,Yes / In Favor,Yes / In Favor,Yes / In Favor,Yes / In Favor,Yes / In Favor,Yes / In Favor,Yes / In Favor,No / Opposed,Yes / In Favor,Yes / In Favor,Yes / In Favor,Yes / In Favor,Yes / In Favor,Yes / In Favor,06-16-2020
6,Katherine,Oates,Here,,Yes / In Favor,Yes / In Favor,Yes / In Favor,Yes / In Favor,Yes / In Favor,Yes / In Favor,Yes / In Favor,No / Opposed,Yes / In Favor,Yes / In Favor,Yes / In Favor,Yes / In Favor,Abstain,Yes / In Favor,06-16-2020
6,Linda,Oates,Here,,Yes / In Favor,Yes / In Favor,Yes / In Favor,Yes / In Favor,Yes / In Favor,Yes / In Favor,Yes / In Favor,No / Opposed,Yes / In Favor,Yes / In Favor,Yes / In Favor,Yes / In Favor,Yes / In Favor,Yes / In Favor,06-16-2020
1,Corinne,Olmsted,Here,,Yes / In Favor,Yes / In Favor,Yes / In Favor,Yes / In Favor,Yes / In Favor,Yes / In Favor,Yes / In Favor,No / Opposed,Abstain,Yes / In Favor,Abstain,Yes / In Favor,No / Opposed,Yes / In Favor,06-16-2020
4,Rose,ONeil,Here,,Yes / In Favor,Yes / In Favor,Yes / In Favor,Yes / In Favor,Yes / In Favor,Yes / In Favor,No / Opposed,Yes / In Favor,Yes / In Favor,Yes / In Favor,Yes / In Favor,Yes / In Favor,Yes / In Favor,Yes / In Favor,06-16-2020
3,Lisa,Oteri,"Here, with gusto!",,Yes / In Favor,Yes / In Favor,Yes / In Favor,Yes / In Favor,Yes / In Favor,Yes / In Favor,Yes / In Favor,No / Opposed,Yes / In Favor,Yes / In Favor,Yes / In Favor,Yes / In Favor,No / Opposed,Yes / In Favor,06-16-2020
8,Mark,Paolillo,Here,,Yes / In Favor,Yes / In Favor,Yes / In Favor,Yes / In Favor,Yes / In Favor,Yes / In Favor,Yes / In Favor,No / Opposed,Yes / In Favor,Yes / In Favor,Yes / In Favor,Yes / In Favor,Yes / In Favor,Yes / In Favor,06-16-2020
1,Emily,Peterson,"Here, with gusto!",,Yes / In Favor,Yes / In Favor,Yes / In Favor,Yes / In Favor,Yes / In Favor,Yes / In Favor,Yes / In Favor,Yes / In Favor,Yes / In Favor,Yes / In Favor,Yes / In Favor,Yes / In Favor,Yes / In Favor,Yes / In Favor,06-16-2020
2,Elizabeth,Pew,Here,,Yes / In Favor,Yes / In Favor,Yes / In Favor,Yes / In Favor,Yes / In Favor,Yes / In Favor,No / Opposed,Yes / In Favor,Yes / In Favor,Abstain,Yes / In Favor,Yes / In Favor,Yes / In Favor,Yes / In Favor,06-16-2020
6,Aaron,Pikcilingis,Here,,Yes / In Favor,Yes / In Favor,Yes / In Favor,Yes / In Favor,Yes / In Favor,Yes / In Favor,Yes / In Favor,No / Opposed,Yes / In Favor,Yes / In Favor,-,-,-,-,06-16-2020
7,Stephen,Pinkerton,Here,,Yes / In Favor,Yes / In Favor,Yes / In Favor,Yes / In Favor,Yes / In Favor,Yes / In Favor,Yes / In Favor,No / Opposed,Yes / In Favor,Yes / In Favor,-,-,-,-,06-16-2020
3,Martin,Plass,Here,,Yes / In Favor,Yes / In Favor,Yes / In Favor,Yes / In Favor,Yes / In Favor,Yes / In Favor,Yes / In Favor,Yes / In Favor,Yes / In Favor,Yes / In Favor,Yes / In Favor,Yes / In Favor,Yes / In Favor,Yes / In Favor,06-16-2020
8,Sonja,Plesset,Here,,Yes / In Favor,Yes / In Favor,-,Yes / In Favor,Yes / In Favor,Yes / In Favor,Yes / In Favor,No / Opposed,-,Yes / In Favor,-,-,-,-,06-16-2020
5,John,Pollock,Here,,Yes / In Favor,Yes / In Favor,Yes / In Favor,Yes / In Favor,Yes / In Favor,Yes / In Favor,Yes / In Favor,No / Opposed,Yes / In Favor,Yes / In Favor,Yes / In Favor,Yes / In Favor,Yes / In Favor,Yes / In Favor,06-16-2020
5,Lois J,Pollock,Here,,Yes / In Favor,Yes / In Favor,Yes / In Favor,Yes / In Favor,Yes / In Favor,Yes / In Favor,Yes / In Favor,No / Opposed,Yes / In Favor,Yes / In Favor,Yes / In Favor,Yes / In Favor,Yes / In Favor,Yes / In Favor,06-16-2020
6,Katherine,Poulin-Kerstien,Barely here...,,Yes / In Favor,Yes / In Favor,Yes / In Favor,Yes / In Favor,Yes / In Favor,Yes / In Favor,Yes / In Favor,No / Opposed,Yes / In Favor,Yes / In Favor,Yes / In Favor,Yes / In Favor,Yes / In Favor,Yes / In Favor,06-16-2020
4,David,Powelstock,"Here, with gusto!",,Yes / In Favor,Yes / In Favor,Yes / In Favor,-,Yes / In Favor,Yes / In Favor,Yes / In Favor,Yes / In Favor,Yes / In Favor,No / Opposed,Yes / In Favor,Yes / In Favor,Yes / In Favor,Yes / In Favor,06-16-2020
8,Lynn,Read,"Here, with gusto!",,Yes / In Favor,Yes / In Favor,Yes / In Favor,Yes / In Favor,Yes / In Favor,Yes / In Favor,Yes / In Favor,No / Opposed,No / Opposed,Yes / In Favor,Yes / In Favor,-,-,Yes / In Favor,06-16-2020
8,Roger,Read,"Here, with gusto!",,Yes / In Favor,Yes / In Favor,Yes / In Favor,Yes / In Favor,Yes / In Favor,Yes / In Favor,Yes / In Favor,No / Opposed,Yes / In Favor,Yes / In Favor,Yes / In Favor,Yes / In Favor,Yes / In Favor,Yes / In Favor,06-16-2020
6,Jocelyn,Record,Here,,Yes / In Favor,Yes / In Favor,Yes / In Favor,Yes / In Favor,Yes / In Favor,Yes / In Favor,No / Opposed,Yes / In Favor,No / Opposed,Yes / In Favor,Yes / In Favor,Yes / In Favor,Yes / In Favor,Yes / In Favor,06-16-2020
4,Gitanjali,Rege,"Here, with gusto!",,Yes / In Favor,Yes / In Favor,Yes / In Favor,Yes / In Favor,Yes / In Favor,Yes / In Favor,Yes / In Favor,Yes / In Favor,Yes / In Favor,Yes / In Favor,Yes / In Favor,Yes / In Favor,Yes / In Favor,Yes / In Favor,06-16-2020
7,ALISON,RHODES,-,,Yes / In Favor,Yes / In Favor,Yes / In Favor,Yes / In Favor,Yes / In Favor,Yes / In Favor,Yes / In Favor,Yes / In Favor,Yes / In Favor,Yes / In Favor,Yes / In Favor,Yes / In Favor,Yes / In Favor,Yes / In Favor,06-16-2020
8,Ann,Rittenburg,Here,,Yes / In Favor,Yes / In Favor,Yes / In Favor,Yes / In Favor,Yes / In Favor,-,Yes / In Favor,No / Opposed,Yes / In Favor,Yes / In Favor,Yes / In Favor,Yes / In Favor,Yes / In Favor,Yes / In Favor,06-16-2020
8,Paul,Roberts,"Here, with gusto!",,Yes / In Favor,Yes / In Favor,Yes / In Favor,Yes / In Favor,Yes / In Favor,Yes / In Favor,Yes / In Favor,Yes / In Favor,Yes / In Favor,No / Opposed,Yes / In Favor,-,-,-,06-16-2020
2,John,Robotham,"Here, with gusto!",,Yes / In Favor,Yes / In Favor,Yes / In Favor,Yes / In Favor,Yes / In Favor,Abstain,Yes / In Favor,No / Opposed,Yes / In Favor,Yes / In Favor,Yes / In Favor,Yes / In Favor,Yes / In Favor,Yes / In Favor,06-16-2020
2,Suzanne,Robotham,Here,,Yes / In Favor,Yes / In Favor,-,Yes / In Favor,Yes / In Favor,Abstain,Yes / In Favor,No / Opposed,Yes / In Favor,Yes / In Favor,Yes / In Favor,Yes / In Favor,Yes / In Favor,Yes / In Favor,06-16-2020
8,Deborah,Rosales,Here,,Yes / In Favor,Yes / In Favor,Yes / In Favor,Yes / In Favor,Yes / In Favor,Yes / In Favor,Yes / In Favor,No / Opposed,Yes / In Favor,Yes / In Favor,Yes / In Favor,Yes / In Favor,Yes / In Favor,Yes / In Favor,06-16-2020
8,Stephen,Rosales,Here,,Yes / In Favor,Yes / In Favor,Yes / In Favor,Yes / In Favor,Yes / In Favor,Yes / In Favor,Yes / In Favor,No / Opposed,Yes / In Favor,Yes / In Favor,Yes / In Favor,Yes / In Favor,No / Opposed,Yes / In Favor,06-16-2020
7,Heather,Rubeski,"Here, with gusto!",,Yes / In Favor,Yes / In Favor,Yes / In Favor,Yes / In Favor,Yes / In Favor,Yes / In Favor,No / Opposed,Yes / In Favor,No / Opposed,No / Opposed,Yes / In Favor,Yes / In Favor,Yes / In Favor,Yes / In Favor,06-16-2020
6,Brian,Saper,Here,,Yes / In Favor,Yes / In Favor,Yes / In Favor,Yes / In Favor,Yes / In Favor,Yes / In Favor,Yes / In Favor,No / Opposed,Yes / In Favor,Yes / In Favor,Yes / In Favor,Yes / In Favor,Yes / In Favor,Yes / In Favor,06-16-2020
3,Judith Anania,Sarno,Here,,Yes / In Favor,Yes / In Favor,Yes / In Favor,Yes / In Favor,Yes / In Favor,Yes / In Favor,Yes / In Favor,No / Opposed,Yes / In Favor,Yes / In Favor,Yes / In Favor,Yes / In Favor,No / Opposed,Yes / In Favor,06-16-2020
3,Robert,Sarno,Here,,Yes / In Favor,Yes / In Favor,Yes / In Favor,Yes / In Favor,Yes / In Favor,Yes / In Favor,Yes / In Favor,No / Opposed,Yes / In Favor,Yes / In Favor,Yes / In Favor,Yes / In Favor,Yes / In Favor,Yes / In Favor,06-16-2020
4,Ogden,Sawyer,"Here, with gusto!",,Yes / In Favor,Yes / In Favor,Yes / In Favor,Yes / In Favor,Yes / In Favor,Yes / In Favor,No / Opposed,Yes / In Favor,No / Opposed,Yes / In Favor,Yes / In Favor,Yes / In Favor,Yes / In Favor,Yes / In Favor,06-16-2020
2,Maryann,Scali,"Here, with gusto!",,Yes / In Favor,Yes / In Favor,Yes / In Favor,Yes / In Favor,Yes / In Favor,Yes / In Favor,Yes / In Favor,No / Opposed,Yes / In Favor,Yes / In Favor,Yes / In Favor,Yes / In Favor,Yes / In Favor,Yes / In Favor,06-16-2020
4,Elizabeth,Schmidt,Here,,Yes / In Favor,Yes / In Favor,Yes / In Favor,Yes / In Favor,Yes / In Favor,Yes / In Favor,Yes / In Favor,No / Opposed,Yes / In Favor,Yes / In Favor,Yes / In Favor,Yes / In Favor,Yes / In Favor,Yes / In Favor,06-16-2020
8,Ellen,Schreiber,"Here, with gusto!",,Yes / In Favor,Yes / In Favor,Yes / In Favor,Yes / In Favor,Yes / In Favor,Yes / In Favor,Yes / In Favor,No / Opposed,Yes / In Favor,Yes / In Favor,Yes / In Favor,Yes / In Favor,Yes / In Favor,Yes / In Favor,06-16-2020
7,Kimberley,Selness,"Here, with gusto!",,Yes / In Favor,Yes / In Favor,Yes / In Favor,Yes / In Favor,Yes / In Favor,Yes / In Favor,Yes / In Favor,No / Opposed,Yes / In Favor,Yes / In Favor,Yes / In Favor,-,-,-,06-16-2020
5,Andrea,Serra Masciari,Here,,Yes / In Favor,Yes / In Favor,Yes / In Favor,Yes / In Favor,Yes / In Favor,Yes / In Favor,No / Opposed,No / Opposed,No / Opposed,Yes / In Favor,Yes / In Favor,Yes / In Favor,Yes / In Favor,Yes / In Favor,06-16-2020
6,elyse,shuster,Here,,Yes / In Favor,Yes / In Favor,Yes / In Favor,Yes / In Favor,Yes / In Favor,Yes / In Favor,Yes / In Favor,Yes / In Favor,Yes / In Favor,Yes / In Favor,Yes / In Favor,Yes / In Favor,Yes / In Favor,Yes / In Favor,06-16-2020
6,Judith,Singler,Here,,Yes / In Favor,Yes / In Favor,Yes / In Favor,Yes / In Favor,Yes / In Favor,Yes / In Favor,Yes / In Favor,No / Opposed,Yes / In Favor,Yes / In Favor,Yes / In Favor,Yes / In Favor,Yes / In Favor,Yes / In Favor,06-16-2020
6,Laurie,Slap,"Here, with gusto!",,Yes / In Favor,Yes / In Favor,Yes / In Favor,Yes / In Favor,Yes / In Favor,Yes / In Favor,No / Opposed,No / Opposed,Yes / In Favor,Yes / In Favor,-,-,-,-,06-16-2020
6,Michael,Smith,Here,,Yes / In Favor,Yes / In Favor,Yes / In Favor,Yes / In Favor,Yes / In Favor,Yes / In Favor,Yes / In Favor,No / Opposed,Yes / In Favor,Yes / In Favor,-,Yes / In Favor,No / Opposed,Yes / In Favor,06-16-2020
7,Brett,Sorenson,"Here, with gusto!",,Yes / In Favor,Yes / In Favor,Yes / In Favor,Yes / In Favor,Yes / In Favor,Yes / In Favor,Yes / In Favor,No / Opposed,Yes / In Favor,Yes / In Favor,Yes / In Favor,Yes / In Favor,Yes / In Favor,Yes / In Favor,06-16-2020
3,Vincent,Stanton,Here,,Yes / In Favor,Yes / In Favor,Yes / In Favor,Yes / In Favor,Yes / In Favor,Yes / In Favor,Yes / In Favor,No / Opposed,Yes / In Favor,Yes / In Favor,Yes / In Favor,Yes / In Favor,Yes / In Favor,Yes / In Favor,06-16-2020
4,DANIELL,STEVENS,"Here, with gusto!",,Yes / In Favor,Yes / In Favor,Yes / In Favor,Yes / In Favor,Yes / In Favor,Yes / In Favor,No / Opposed,Yes / In Favor,Yes / In Favor,No / Opposed,-,Yes / In Favor,No / Opposed,Yes / In Favor,06-16-2020
8,Scott,Stratford,Here,,Yes / In Favor,Yes / In Favor,Yes / In Favor,Yes / In Favor,Yes / In Favor,Yes / In Favor,Yes / In Favor,No / Opposed,Yes / In Favor,Yes / In Favor,Yes / In Favor,No / Opposed,No / Opposed,Yes / In Favor,06-16-2020
8,Ellen,Sugarman,"Here, with gusto!",,Yes / In Favor,Yes / In Favor,Yes / In Favor,Yes / In Favor,Yes / In Favor,Yes / In Favor,Yes / In Favor,No / Opposed,Yes / In Favor,Yes / In Favor,-,-,-,-,06-16-2020
5,John,Sullivan,Here,,Yes / In Favor,Yes / In Favor,Yes / In Favor,Yes / In Favor,Yes / In Favor,Yes / In Favor,Yes / In Favor,Yes / In Favor,Yes / In Favor,No / Opposed,Yes / In Favor,Yes / In Favor,Yes / In Favor,Yes / In Favor,06-16-2020
4,Johanna,Swift,Here,,Yes / In Favor,Yes / In Favor,Yes / In Favor,Yes / In Favor,Yes / In Favor,Yes / In Favor,Yes / In Favor,Yes / In Favor,Yes / In Favor,Yes / In Favor,Yes / In Favor,Yes / In Favor,No / Opposed,-,06-16-2020
1,Yvette,Tenney,Barely here...,,Yes / In Favor,Yes / In Favor,Yes / In Favor,Yes / In Favor,Yes / In Favor,Yes / In Favor,Yes / In Favor,No / Opposed,Yes / In Favor,Yes / In Favor,Yes / In Favor,Yes / In Favor,Yes / In Favor,Yes / In Favor,06-16-2020
6,PHIL,THAYER,Here,,Yes / In Favor,Yes / In Favor,Yes / In Favor,Abstain,Yes / In Favor,Yes / In Favor,No / Opposed,Yes / In Favor,Yes / In Favor,Yes / In Favor,Yes / In Favor,Yes / In Favor,Yes / In Favor,Yes / In Favor,06-16-2020
1,Emma,Thurston,-,,Yes / In Favor,Yes / In Favor,Yes / In Favor,Yes / In Favor,Yes / In Favor,Yes / In Favor,Yes / In Favor,Abstain,Yes / In Favor,Yes / In Favor,Yes / In Favor,Yes / In Favor,Yes / In Favor,Yes / In Favor,06-16-2020
7,Susan,Titus,-,,Yes / In Favor,Yes / In Favor,Yes / In Favor,Yes / In Favor,Yes / In Favor,Yes / In Favor,Yes / In Favor,No / Opposed,Yes / In Favor,Yes / In Favor,Yes / In Favor,Yes / In Favor,Yes / In Favor,Yes / In Favor,06-16-2020
1,Ian,Todreas,Here,,Yes / In Favor,Yes / In Favor,Yes / In Favor,Yes / In Favor,Yes / In Favor,Yes / In Favor,Yes / In Favor,No / Opposed,Yes / In Favor,Yes / In Favor,Yes / In Favor,Yes / In Favor,Yes / In Favor,Yes / In Favor,06-16-2020
1,Stephen,Tomczyk,"Here, with gusto!",,Yes / In Favor,Yes / In Favor,Yes / In Favor,Yes / In Favor,Yes / In Favor,Yes / In Favor,Yes / In Favor,No / Opposed,Yes / In Favor,Yes / In Favor,Yes / In Favor,No / Opposed,Yes / In Favor,Yes / In Favor,06-16-2020
3,Heli,Tomford,"Here, with gusto!",,Yes / In Favor,Yes / In Favor,Yes / In Favor,Yes / In Favor,Yes / In Favor,Yes / In Favor,Yes / In Favor,No / Opposed,No / Opposed,Yes / In Favor,Yes / In Favor,No / Opposed,No / Opposed,Yes / In Favor,06-16-2020
2,Amy,Trotsky,Here,,Yes / In Favor,Yes / In Favor,Yes / In Favor,Yes / In Favor,Yes / In Favor,Yes / In Favor,Yes / In Favor,No / Opposed,Yes / In Favor,Yes / In Favor,Yes / In Favor,Yes / In Favor,Yes / In Favor,Yes / In Favor,06-16-2020
5,catherine,Umina,-,,Yes / In Favor,Yes / In Favor,Yes / In Favor,Yes / In Favor,No / Opposed,Yes / In Favor,Yes / In Favor,No / Opposed,Yes / In Favor,Yes / In Favor,Yes / In Favor,Yes / In Favor,Yes / In Favor,Yes / In Favor,06-16-2020
7,Alexandra,van Geel,Here,,Yes / In Favor,Yes / In Favor,Yes / In Favor,Yes / In Favor,Yes / In Favor,Yes / In Favor,Yes / In Favor,No / Opposed,Yes / In Favor,Yes / In Favor,Yes / In Favor,Yes / In Favor,Yes / In Favor,Yes / In Favor,06-16-2020
4,Laura,VanderHart,Here,,Yes / In Favor,Yes / In Favor,Yes / In Favor,Yes / In Favor,Yes / In Favor,Yes / In Favor,No / Opposed,Yes / In Favor,Yes / In Favor,Yes / In Favor,Yes / In Favor,Yes / In Favor,Yes / In Favor,Yes / In Favor,06-16-2020
5,Mark,Wagner,Here,,Yes / In Favor,Yes / In Favor,Yes / In Favor,Yes / In Favor,Yes / In Favor,Yes / In Favor,No / Opposed,No / Opposed,No / Opposed,Yes / In Favor,-,Yes / In Favor,No / Opposed,Yes / In Favor,06-16-2020
3,Ian,Watson,Here,,Yes / In Favor,Yes / In Favor,Yes / In Favor,Yes / In Favor,Yes / In Favor,Abstain,Yes / In Favor,No / Opposed,Yes / In Favor,Yes / In Favor,Yes / In Favor,Yes / In Favor,Yes / In Favor,Yes / In Favor,06-16-2020
4,David,Webster,"Here, with gusto!",,Yes / In Favor,Yes / In Favor,Yes / In Favor,Yes / In Favor,Yes / In Favor,Yes / In Favor,Yes / In Favor,Yes / In Favor,Yes / In Favor,Yes / In Favor,Yes / In Favor,Yes / In Favor,Yes / In Favor,Yes / In Favor,06-16-2020
2,Julia,Weeks,Here,,Yes / In Favor,Yes / In Favor,Yes / In Favor,Yes / In Favor,Yes / In Favor,Yes / In Favor,Yes / In Favor,No / Opposed,Yes / In Favor,Yes / In Favor,Yes / In Favor,Yes / In Favor,Yes / In Favor,Yes / In Favor,06-16-2020
2,Elizabeth,Weintraub,"Here, with gusto!",,Yes / In Favor,Yes / In Favor,Yes / In Favor,Yes / In Favor,Yes / In Favor,Yes / In Favor,No / Opposed,No / Opposed,Yes / In Favor,Yes / In Favor,Yes / In Favor,Yes / In Favor,Yes / In Favor,Yes / In Favor,06-16-2020
1,Jack,Weis,Here,,Yes / In Favor,Yes / In Favor,Yes / In Favor,Yes / In Favor,Yes / In Favor,Yes / In Favor,No / Opposed,No / Opposed,No / Opposed,Yes / In Favor,Yes / In Favor,Yes / In Favor,Yes / In Favor,Yes / In Favor,06-16-2020
6,Peter,Whitmer,"Here, with gusto!",,Yes / In Favor,Yes / In Favor,Yes / In Favor,Yes / In Favor,Yes / In Favor,Yes / In Favor,No / Opposed,Yes / In Favor,Yes / In Favor,No / Opposed,Yes / In Favor,Yes / In Favor,No / Opposed,Yes / In Favor,06-16-2020
5,Jeanne,Widmer,"Here, with gusto!",,Yes / In Favor,Yes / In Favor,Yes / In Favor,Yes / In Favor,Yes / In Favor,Yes / In Favor,Yes / In Favor,No / Opposed,Yes / In Favor,Yes / In Favor,Yes / In Favor,Yes / In Favor,Yes / In Favor,Yes / In Favor,06-16-2020
5,Casey,Williams,Here,,Yes / In Favor,Yes / In Favor,Yes / In Favor,Yes / In Favor,Yes / In Favor,Yes / In Favor,Yes / In Favor,No / Opposed,Yes / In Favor,Yes / In Favor,Yes / In Favor,Yes / In Favor,Yes / In Favor,Yes / In Favor,06-16-2020
7,Glenn,Wong,Here,,Yes / In Favor,Yes / In Favor,Yes / In Favor,Yes / In Favor,Yes / In Favor,Yes / In Favor,Abstain,Yes / In Favor,Yes / In Favor,Yes / In Favor,Yes / In Favor,-,-,Yes / In Favor,06-16-2020
1,Elizabeth,Woo,Barely here...,,Yes / In Favor,Yes / In Favor,Yes / In Favor,Yes / In Favor,Yes / In Favor,Yes / In Favor,Yes / In Favor,No / Opposed,Yes / In Favor,Yes / In Favor,Yes / In Favor,Yes / In Favor,Yes / In Favor,Yes / In Favor,06-16-2020
5,Roger,Wrubel,Here,,Yes / In Favor,Yes / In Favor,Yes / In Favor,Yes / In Favor,Yes / In Favor,Yes / In Favor,Yes / In Favor,No / Opposed,Yes / In Favor,Yes / In Favor,Yes / In Favor,Yes / In Favor,Yes / In Favor,Yes / In Favor,06-16-2020
6,Julie,Wu,"Here, with gusto!",,Yes / In Favor,Yes / In Favor,Yes / In Favor,Yes / In Favor,Yes / In Favor,Yes / In Favor,No / Opposed,Yes / In Favor,Yes / In Favor,Yes / In Favor,Yes / In Favor,Yes / In Favor,Yes / In Favor,Yes / In Favor,06-16-2020
8,Gi,Yoon-Huang,"Here, with gusto!",,Yes / In Favor,Yes / In Favor,Yes / In Favor,Yes / In Favor,Yes / In Favor,Yes / In Favor,No / Opposed,No / Opposed,No / Opposed,Yes / In Favor,Yes / In Favor,Yes / In Favor,Yes / In Favor,Yes / In Favor,06-16-2020
3,Michelle,Young,Here,,Yes / In Favor,Yes / In Favor,Yes / In Favor,Yes / In Favor,Abstain,Yes / In Favor,Yes / In Favor,No / Opposed,Yes / In Favor,Yes / In Favor,Yes / In Favor,No / Opposed,Yes / In Favor,Yes / In Favor,06-16-2020
1,Kristen,Zecchi,Here,,Yes / In Favor,Yes / In Favor,Yes / In Favor,-,-,-,No / Opposed,Yes / In Favor,Yes / In Favor,Yes / In Favor,Yes / In Favor,Yes / In Favor,Yes / In Favor,Yes / In Favor,06-16-2020
2,David,Zipkin,Here,,Yes / In Favor,Yes / In Favor,Yes / In Favor,Yes / In Favor,Yes / In Favor,Yes / In Favor,Yes / In Favor,Yes / In Favor,Yes / In Favor,Yes / In Favor,Yes / In Favor,Yes / In Favor,Yes / In Favor,Yes / In Favor,06-16-2020
